--
-- Data for Name: Planets; Type: TABLE DATA; Schema: public; Owner: postgres
--

INSERT INTO "Planets" ("Id", "Name", "RotationPeriod", "OrbitalPeriod", "Diameter", "Climate", "Gravity", "Terrain", "SurfaceWater", "Population", "CreatedAt", "UpdatedAt") VALUES ('0153b067-16e4-4e4b-b96f-8e8d74774596', 'Yavin IV', '24', '4818', '10200', 'temperate, tropical', '1 standard', 'jungle, rainforests', '8', '1000', '2024-04-27 05:45:17.616795', '2024-04-27 02:45:19.410403');
INSERT INTO "Planets" ("Id", "Name", "RotationPeriod", "OrbitalPeriod", "Diameter", "Climate", "Gravity", "Terrain", "SurfaceWater", "Population", "CreatedAt", "UpdatedAt") VALUES ('09537d36-db43-4ae7-9681-c4c0e0decd1d', 'Polis Massa', '24', '590', '0', 'artificial temperate ', '0.56 standard', 'airless asteroid', '0', '1000000', '2024-04-27 05:45:17.617047', '2024-04-27 02:45:19.410424');
INSERT INTO "Planets" ("Id", "Name", "RotationPeriod", "OrbitalPeriod", "Diameter", "Climate", "Gravity", "Terrain", "SurfaceWater", "Population", "CreatedAt", "UpdatedAt") VALUES ('0e3a28a2-6769-48bc-a6e0-6834138e4221', 'Geonosis', '30', '256', '11370', 'temperate, arid', '0.9 standard', 'rock, desert, mountain, barren', '5', '100000000000', '2024-04-27 05:45:17.616998', '2024-04-27 02:45:19.410421');
INSERT INTO "Planets" ("Id", "Name", "RotationPeriod", "OrbitalPeriod", "Diameter", "Climate", "Gravity", "Terrain", "SurfaceWater", "Population", "CreatedAt", "UpdatedAt") VALUES ('119c1369-7366-4f9f-8b71-bc95324866b1', 'Cerea', '27', '386', 'unknown', 'temperate', '1', 'verdant', '20', '450000000', '2024-04-27 05:45:17.617335', '2024-04-27 02:45:19.41045');
INSERT INTO "Planets" ("Id", "Name", "RotationPeriod", "OrbitalPeriod", "Diameter", "Climate", "Gravity", "Terrain", "SurfaceWater", "Population", "CreatedAt", "UpdatedAt") VALUES ('11c26447-3cb3-4cc8-a169-bbbb8b0889dc', 'Mirial', 'unknown', 'unknown', 'unknown', 'unknown', 'unknown', 'deserts', 'unknown', 'unknown', '2024-04-27 05:45:17.617404', '2024-04-27 02:45:19.410456');
INSERT INTO "Planets" ("Id", "Name", "RotationPeriod", "OrbitalPeriod", "Diameter", "Climate", "Gravity", "Terrain", "SurfaceWater", "Population", "CreatedAt", "UpdatedAt") VALUES ('15e33913-3296-4f82-a6ef-a54d8c597de7', 'Glee Anselm', '33', '206', '15600', 'tropical, temperate', '1', 'lakes, islands, swamps, seas', '80', '500000000', '2024-04-27 05:45:17.617344', '2024-04-27 02:45:19.41045');
INSERT INTO "Planets" ("Id", "Name", "RotationPeriod", "OrbitalPeriod", "Diameter", "Climate", "Gravity", "Terrain", "SurfaceWater", "Population", "CreatedAt", "UpdatedAt") VALUES ('24daef79-4f92-49ea-8140-620f3ae06d90', 'Alderaan', '24', '364', '12500', 'temperate', '1 standard', 'grasslands, mountains', '40', '2000000000', '2024-04-27 05:45:17.616774', '2024-04-27 02:45:19.410402');
INSERT INTO "Planets" ("Id", "Name", "RotationPeriod", "OrbitalPeriod", "Diameter", "Climate", "Gravity", "Terrain", "SurfaceWater", "Population", "CreatedAt", "UpdatedAt") VALUES ('26d039aa-1027-43e8-baec-f7e6ca4f8ca8', 'Coruscant', '24', '368', '12240', 'temperate', '1 standard', 'cityscape, mountains', 'unknown', '1000000000000', '2024-04-27 05:45:17.616954', '2024-04-27 02:45:19.410417');
INSERT INTO "Planets" ("Id", "Name", "RotationPeriod", "OrbitalPeriod", "Diameter", "Climate", "Gravity", "Terrain", "SurfaceWater", "Population", "CreatedAt", "UpdatedAt") VALUES ('27c4c264-a276-4949-9da9-2c2b7533ef2c', 'Ojom', 'unknown', 'unknown', 'unknown', 'frigid', 'unknown', 'oceans, glaciers', '100', '500000000', '2024-04-27 05:45:17.617443', '2024-04-27 02:45:19.410459');
INSERT INTO "Planets" ("Id", "Name", "RotationPeriod", "OrbitalPeriod", "Diameter", "Climate", "Gravity", "Terrain", "SurfaceWater", "Population", "CreatedAt", "UpdatedAt") VALUES ('31ed3ae9-bd18-4708-8d21-99440cc8a360', 'Dantooine', '25', '378', '9830', 'temperate', '1 standard', 'oceans, savannas, mountains, grasslands', 'unknown', '1000', '2024-04-27 05:45:17.617147', '2024-04-27 02:45:19.41043');
INSERT INTO "Planets" ("Id", "Name", "RotationPeriod", "OrbitalPeriod", "Diameter", "Climate", "Gravity", "Terrain", "SurfaceWater", "Population", "CreatedAt", "UpdatedAt") VALUES ('335338d0-e9bc-4ad7-827f-a20f7a18b054', 'Toydaria', '21', '184', '7900', 'temperate', '1', 'swamps, lakes', 'unknown', '11000000', '2024-04-27 05:45:17.61725', '2024-04-27 02:45:19.410443');
INSERT INTO "Planets" ("Id", "Name", "RotationPeriod", "OrbitalPeriod", "Diameter", "Climate", "Gravity", "Terrain", "SurfaceWater", "Population", "CreatedAt", "UpdatedAt") VALUES ('3a8f59e8-f247-4da9-80fc-9f7e48e10f6b', 'Umbara', 'unknown', 'unknown', 'unknown', 'unknown', 'unknown', 'unknown', 'unknown', 'unknown', '2024-04-27 05:45:17.617487', '2024-04-27 02:45:19.410469');
INSERT INTO "Planets" ("Id", "Name", "RotationPeriod", "OrbitalPeriod", "Diameter", "Climate", "Gravity", "Terrain", "SurfaceWater", "Population", "CreatedAt", "UpdatedAt") VALUES ('3c5d161d-88a4-4dbd-b30b-4c9c7780c3ce', 'Quermia', 'unknown', 'unknown', 'unknown', 'unknown', 'unknown', 'unknown', 'unknown', 'unknown', '2024-04-27 05:45:17.617376', '2024-04-27 02:45:19.410453');
INSERT INTO "Planets" ("Id", "Name", "RotationPeriod", "OrbitalPeriod", "Diameter", "Climate", "Gravity", "Terrain", "SurfaceWater", "Population", "CreatedAt", "UpdatedAt") VALUES ('4ee7aa2c-8371-4074-8823-83415f5306a7', 'Saleucami', '26', '392', '14920', 'hot', 'unknown', 'caves, desert, mountains, volcanoes', 'unknown', '1400000000', '2024-04-27 05:45:17.617087', '2024-04-27 02:45:19.410426');
INSERT INTO "Planets" ("Id", "Name", "RotationPeriod", "OrbitalPeriod", "Diameter", "Climate", "Gravity", "Terrain", "SurfaceWater", "Population", "CreatedAt", "UpdatedAt") VALUES ('511ed7c7-d856-4cb3-9aa2-ee6fbd90f4ae', 'Trandosha', '25', '371', '0', 'arid', '0.62 standard', 'mountains, seas, grasslands, deserts', 'unknown', '42000000', '2024-04-27 05:45:17.617203', '2024-04-27 02:45:19.41044');
INSERT INTO "Planets" ("Id", "Name", "RotationPeriod", "OrbitalPeriod", "Diameter", "Climate", "Gravity", "Terrain", "SurfaceWater", "Population", "CreatedAt", "UpdatedAt") VALUES ('51f4afb7-32ef-4d8b-b642-3758d8ba12b9', 'Mygeeto', '12', '167', '10088', 'frigid', '1 standard', 'glaciers, mountains, ice canyons', 'unknown', '19000000', '2024-04-27 05:45:17.617058', '2024-04-27 02:45:19.410425');
INSERT INTO "Planets" ("Id", "Name", "RotationPeriod", "OrbitalPeriod", "Diameter", "Climate", "Gravity", "Terrain", "SurfaceWater", "Population", "CreatedAt", "UpdatedAt") VALUES ('53f2efb8-0d76-4388-88bb-974203e126fb', 'Haruun Kal', '25', '383', '10120', 'temperate', '0.98', 'toxic cloudsea, plateaus, volcanoes', 'unknown', '705300', '2024-04-27 05:45:17.617326', '2024-04-27 02:45:19.410449');
INSERT INTO "Planets" ("Id", "Name", "RotationPeriod", "OrbitalPeriod", "Diameter", "Climate", "Gravity", "Terrain", "SurfaceWater", "Population", "CreatedAt", "UpdatedAt") VALUES ('56406485-94d0-4673-a28a-cff7647ee8bb', 'Ryloth', '30', '305', '10600', 'temperate, arid, subartic', '1', 'mountains, valleys, deserts, tundra', '5', '1500000000', '2024-04-27 05:45:17.617279', '2024-04-27 02:45:19.410445');
INSERT INTO "Planets" ("Id", "Name", "RotationPeriod", "OrbitalPeriod", "Diameter", "Climate", "Gravity", "Terrain", "SurfaceWater", "Population", "CreatedAt", "UpdatedAt") VALUES ('59f22ba1-4550-40d5-bea4-ce9a48d52012', 'Iktotch', '22', '481', 'unknown', 'arid, rocky, windy', '1', 'rocky', 'unknown', 'unknown', '2024-04-27 05:45:17.617367', '2024-04-27 02:45:19.410452');
INSERT INTO "Planets" ("Id", "Name", "RotationPeriod", "OrbitalPeriod", "Diameter", "Climate", "Gravity", "Terrain", "SurfaceWater", "Population", "CreatedAt", "UpdatedAt") VALUES ('5f0a66fc-f0e2-4684-9eb1-775010549193', 'Mon Cala', '21', '398', '11030', 'temperate', '1', 'oceans, reefs, islands', '100', '27000000000', '2024-04-27 05:45:17.617222', '2024-04-27 02:45:19.410441');
INSERT INTO "Planets" ("Id", "Name", "RotationPeriod", "OrbitalPeriod", "Diameter", "Climate", "Gravity", "Terrain", "SurfaceWater", "Population", "CreatedAt", "UpdatedAt") VALUES ('5f50b747-c822-44c0-859c-898051223b1e', 'Nal Hutta', '87', '413', '12150', 'temperate', '1 standard', 'urban, oceans, swamps, bogs', 'unknown', '7000000000', '2024-04-27 05:45:17.617136', '2024-04-27 02:45:19.41043');
INSERT INTO "Planets" ("Id", "Name", "RotationPeriod", "OrbitalPeriod", "Diameter", "Climate", "Gravity", "Terrain", "SurfaceWater", "Population", "CreatedAt", "UpdatedAt") VALUES ('61252101-b0f1-45a5-ace2-df46a0ff3c4a', 'Sullust', '20', '263', '12780', 'superheated', '1', 'mountains, volcanoes, rocky deserts', '5', '18500000000', '2024-04-27 05:45:17.61724', '2024-04-27 02:45:19.410442');
INSERT INTO "Planets" ("Id", "Name", "RotationPeriod", "OrbitalPeriod", "Diameter", "Climate", "Gravity", "Terrain", "SurfaceWater", "Population", "CreatedAt", "UpdatedAt") VALUES ('61b5b184-b92d-4a66-9a61-ae242c60ed34', 'Hoth', '23', '549', '7200', 'frozen', '1.1 standard', 'tundra, ice caves, mountain ranges', '100', 'unknown', '2024-04-27 05:45:17.616807', '2024-04-27 02:45:19.410403');
INSERT INTO "Planets" ("Id", "Name", "RotationPeriod", "OrbitalPeriod", "Diameter", "Climate", "Gravity", "Terrain", "SurfaceWater", "Population", "CreatedAt", "UpdatedAt") VALUES ('64b59712-323c-421a-b065-972b7e4fc937', 'Chandrila', '20', '368', '13500', 'temperate', '1', 'plains, forests', '40', '1200000000', '2024-04-27 05:45:17.617231', '2024-04-27 02:45:19.410442');
INSERT INTO "Planets" ("Id", "Name", "RotationPeriod", "OrbitalPeriod", "Diameter", "Climate", "Gravity", "Terrain", "SurfaceWater", "Population", "CreatedAt", "UpdatedAt") VALUES ('6a39107c-d54c-4486-ad09-2d04f7a1406f', 'Bestine IV', '26', '680', '6400', 'temperate', 'unknown', 'rocky islands, oceans', '98', '62000000', '2024-04-27 05:45:17.617153', '2024-04-27 02:45:19.410431');
INSERT INTO "Planets" ("Id", "Name", "RotationPeriod", "OrbitalPeriod", "Diameter", "Climate", "Gravity", "Terrain", "SurfaceWater", "Population", "CreatedAt", "UpdatedAt") VALUES ('6ab8403f-d0e4-4971-a60e-904e0128dc02', 'Tholoth', 'unknown', 'unknown', 'unknown', 'unknown', 'unknown', 'unknown', 'unknown', 'unknown', '2024-04-27 05:45:17.617362', '2024-04-27 02:45:19.410451');
INSERT INTO "Planets" ("Id", "Name", "RotationPeriod", "OrbitalPeriod", "Diameter", "Climate", "Gravity", "Terrain", "SurfaceWater", "Population", "CreatedAt", "UpdatedAt") VALUES ('6db9cebd-59bf-4daa-9d48-0b3c46e474d9', 'Bespin', '12', '5110', '118000', 'temperate', '1.5 (surface), 1 standard (Cloud City)', 'gas giant', '0', '6000000', '2024-04-27 05:45:17.616844', '2024-04-27 02:45:19.410405');
INSERT INTO "Planets" ("Id", "Name", "RotationPeriod", "OrbitalPeriod", "Diameter", "Climate", "Gravity", "Terrain", "SurfaceWater", "Population", "CreatedAt", "UpdatedAt") VALUES ('6f077362-0f3e-4538-94e0-58ce97a4f721', 'Aleen Minor', 'unknown', 'unknown', 'unknown', 'unknown', 'unknown', 'unknown', 'unknown', 'unknown', '2024-04-27 05:45:17.617291', '2024-04-27 02:45:19.410446');
INSERT INTO "Planets" ("Id", "Name", "RotationPeriod", "OrbitalPeriod", "Diameter", "Climate", "Gravity", "Terrain", "SurfaceWater", "Population", "CreatedAt", "UpdatedAt") VALUES ('71cec979-bd78-4a97-9c10-d4c25a260083', 'Troiken', 'unknown', 'unknown', 'unknown', 'unknown', 'unknown', 'desert, tundra, rainforests, mountains', 'unknown', 'unknown', '2024-04-27 05:45:17.617308', '2024-04-27 02:45:19.410447');
INSERT INTO "Planets" ("Id", "Name", "RotationPeriod", "OrbitalPeriod", "Diameter", "Climate", "Gravity", "Terrain", "SurfaceWater", "Population", "CreatedAt", "UpdatedAt") VALUES ('72207c9b-76c5-4740-a1f7-c3b7f7018e0d', 'Malastare', '26', '201', '18880', 'arid, temperate, tropical', '1.56', 'swamps, deserts, jungles, mountains', 'unknown', '2000000000', '2024-04-27 05:45:17.617259', '2024-04-27 02:45:19.410443');
INSERT INTO "Planets" ("Id", "Name", "RotationPeriod", "OrbitalPeriod", "Diameter", "Climate", "Gravity", "Terrain", "SurfaceWater", "Population", "CreatedAt", "UpdatedAt") VALUES ('7580a5a5-59ed-47ae-86c3-f5890450de0b', 'Dorin', '22', '409', '13400', 'temperate', '1', 'unknown', 'unknown', 'unknown', '2024-04-27 05:45:17.617385', '2024-04-27 02:45:19.410454');
INSERT INTO "Planets" ("Id", "Name", "RotationPeriod", "OrbitalPeriod", "Diameter", "Climate", "Gravity", "Terrain", "SurfaceWater", "Population", "CreatedAt", "UpdatedAt") VALUES ('7887d37c-829c-44bb-88a8-d96795918b12', 'Champala', '27', '318', 'unknown', 'temperate', '1', 'oceans, rainforests, plateaus', 'unknown', '3500000000', '2024-04-27 05:45:17.617395', '2024-04-27 02:45:19.410454');
INSERT INTO "Planets" ("Id", "Name", "RotationPeriod", "OrbitalPeriod", "Diameter", "Climate", "Gravity", "Terrain", "SurfaceWater", "Population", "CreatedAt", "UpdatedAt") VALUES ('7ad39b36-334e-4d91-8188-d0bd4efd28af', 'Mustafar', '36', '412', '4200', 'hot', '1 standard', 'volcanoes, lava rivers, mountains, caves', '0', '20000', '2024-04-27 05:45:17.617022', '2024-04-27 02:45:19.410422');
INSERT INTO "Planets" ("Id", "Name", "RotationPeriod", "OrbitalPeriod", "Diameter", "Climate", "Gravity", "Terrain", "SurfaceWater", "Population", "CreatedAt", "UpdatedAt") VALUES ('83300a9f-53e7-40d0-9a9d-44d0da6af700', 'Vulpter', '22', '391', '14900', 'temperate, artic', '1', 'urban, barren', 'unknown', '421000000', '2024-04-27 05:45:17.617299', '2024-04-27 02:45:19.410447');
INSERT INTO "Planets" ("Id", "Name", "RotationPeriod", "OrbitalPeriod", "Diameter", "Climate", "Gravity", "Terrain", "SurfaceWater", "Population", "CreatedAt", "UpdatedAt") VALUES ('84b867d4-6a9b-4370-b5e7-5973c1a537f2', 'Felucia', '34', '231', '9100', 'hot, humid', '0.75 standard', 'fungus forests', 'unknown', '8500000', '2024-04-27 05:45:17.617067', '2024-04-27 02:45:19.410425');
INSERT INTO "Planets" ("Id", "Name", "RotationPeriod", "OrbitalPeriod", "Diameter", "Climate", "Gravity", "Terrain", "SurfaceWater", "Population", "CreatedAt", "UpdatedAt") VALUES ('8560844b-35ea-4ada-aa91-66d98933de57', 'Corellia', '25', '329', '11000', 'temperate', '1 standard', 'plains, urban, hills, forests', '70', '3000000000', '2024-04-27 05:45:17.617116', '2024-04-27 02:45:19.410428');
INSERT INTO "Planets" ("Id", "Name", "RotationPeriod", "OrbitalPeriod", "Diameter", "Climate", "Gravity", "Terrain", "SurfaceWater", "Population", "CreatedAt", "UpdatedAt") VALUES ('8c035009-13e7-4f67-bf3c-b3a0ae12b06d', 'Iridonia', '29', '413', 'unknown', 'unknown', 'unknown', 'rocky canyons, acid pools', 'unknown', 'unknown', '2024-04-27 05:45:17.617353', '2024-04-27 02:45:19.410451');
INSERT INTO "Planets" ("Id", "Name", "RotationPeriod", "OrbitalPeriod", "Diameter", "Climate", "Gravity", "Terrain", "SurfaceWater", "Population", "CreatedAt", "UpdatedAt") VALUES ('8d325edd-ba24-45a4-857f-ed9580dfe7f4', 'Ord Mantell', '26', '334', '14050', 'temperate', '1 standard', 'plains, seas, mesas', '10', '4000000000', '2024-04-27 05:45:17.617162', '2024-04-27 02:45:19.410431');
INSERT INTO "Planets" ("Id", "Name", "RotationPeriod", "OrbitalPeriod", "Diameter", "Climate", "Gravity", "Terrain", "SurfaceWater", "Population", "CreatedAt", "UpdatedAt") VALUES ('8e27130f-bde3-41e7-8ed2-1faa2e12dc36', 'Naboo', '26', '312', '12120', 'temperate', '1 standard', 'grassy hills, swamps, forests, mountains', '12', '4500000000', '2024-04-27 05:45:17.616884', '2024-04-27 02:45:19.410414');
INSERT INTO "Planets" ("Id", "Name", "RotationPeriod", "OrbitalPeriod", "Diameter", "Climate", "Gravity", "Terrain", "SurfaceWater", "Population", "CreatedAt", "UpdatedAt") VALUES ('8fc14780-63ca-4cac-a6bc-a7f93e05d796', 'Zolan', 'unknown', 'unknown', 'unknown', 'unknown', 'unknown', 'unknown', 'unknown', 'unknown', '2024-04-27 05:45:17.617434', '2024-04-27 02:45:19.410459');
INSERT INTO "Planets" ("Id", "Name", "RotationPeriod", "OrbitalPeriod", "Diameter", "Climate", "Gravity", "Terrain", "SurfaceWater", "Population", "CreatedAt", "UpdatedAt") VALUES ('98fc96c7-2d1b-4288-b50a-492052396973', 'Muunilinst', '28', '412', '13800', 'temperate', '1', 'plains, forests, hills, mountains', '25', '5000000000', '2024-04-27 05:45:17.61746', '2024-04-27 02:45:19.410461');
INSERT INTO "Planets" ("Id", "Name", "RotationPeriod", "OrbitalPeriod", "Diameter", "Climate", "Gravity", "Terrain", "SurfaceWater", "Population", "CreatedAt", "UpdatedAt") VALUES ('a310b24c-26a5-4ee4-bf3a-5f849cdff426', 'Kamino', '27', '463', '19720', 'temperate', '1 standard', 'ocean', '100', '1000000000', '2024-04-27 05:45:17.616981', '2024-04-27 02:45:19.41042');
INSERT INTO "Planets" ("Id", "Name", "RotationPeriod", "OrbitalPeriod", "Diameter", "Climate", "Gravity", "Terrain", "SurfaceWater", "Population", "CreatedAt", "UpdatedAt") VALUES ('a9518290-e7e8-4916-841c-b74709f8fca5', 'Concord Dawn', 'unknown', 'unknown', 'unknown', 'unknown', 'unknown', 'jungles, forests, deserts', 'unknown', 'unknown', '2024-04-27 05:45:17.617425', '2024-04-27 02:45:19.410458');
INSERT INTO "Planets" ("Id", "Name", "RotationPeriod", "OrbitalPeriod", "Diameter", "Climate", "Gravity", "Terrain", "SurfaceWater", "Population", "CreatedAt", "UpdatedAt") VALUES ('a9c6ab82-8cdd-4eed-b909-81d5190dd404', 'Tund', '48', '1770', '12190', 'unknown', 'unknown', 'barren, ash', 'unknown', '0', '2024-04-27 05:45:17.617317', '2024-04-27 02:45:19.410448');
INSERT INTO "Planets" ("Id", "Name", "RotationPeriod", "OrbitalPeriod", "Diameter", "Climate", "Gravity", "Terrain", "SurfaceWater", "Population", "CreatedAt", "UpdatedAt") VALUES ('aa34e16b-fbf8-41a4-aa54-02b8de973d13', 'Eriadu', '24', '360', '13490', 'polluted', '1 standard', 'cityscape', 'unknown', '22000000000', '2024-04-27 05:45:17.617107', '2024-04-27 02:45:19.410428');
INSERT INTO "Planets" ("Id", "Name", "RotationPeriod", "OrbitalPeriod", "Diameter", "Climate", "Gravity", "Terrain", "SurfaceWater", "Population", "CreatedAt", "UpdatedAt") VALUES ('abe7426a-79c6-4a5a-9530-6d7551fdd92b', 'Dagobah', '23', '341', '8900', 'murky', 'N/A', 'swamp, jungles', '8', 'unknown', '2024-04-27 05:45:17.616818', '2024-04-27 02:45:19.410404');
INSERT INTO "Planets" ("Id", "Name", "RotationPeriod", "OrbitalPeriod", "Diameter", "Climate", "Gravity", "Terrain", "SurfaceWater", "Population", "CreatedAt", "UpdatedAt") VALUES ('ac534b5a-6e06-4609-a239-a6ab1926e5f2', 'Utapau', '27', '351', '12900', 'temperate, arid, windy', '1 standard', 'scrublands, savanna, canyons, sinkholes', '0.9', '95000000', '2024-04-27 05:45:17.617009', '2024-04-27 02:45:19.410422');
INSERT INTO "Planets" ("Id", "Name", "RotationPeriod", "OrbitalPeriod", "Diameter", "Climate", "Gravity", "Terrain", "SurfaceWater", "Population", "CreatedAt", "UpdatedAt") VALUES ('b26b1e40-b706-4938-9319-e574bb58ccef', 'Tatooine', '23', '304', '10465', 'arid', '1 standard', 'desert', '1', '200000', '2024-04-27 05:45:17.616483', '2024-04-27 02:45:19.410398');
INSERT INTO "Planets" ("Id", "Name", "RotationPeriod", "OrbitalPeriod", "Diameter", "Climate", "Gravity", "Terrain", "SurfaceWater", "Population", "CreatedAt", "UpdatedAt") VALUES ('b9fad4df-4730-48cc-a7e1-ac1b13592d9f', 'unknown', '0', '0', '0', 'unknown', 'unknown', 'unknown', 'unknown', 'unknown', '2024-04-27 05:45:17.617171', '2024-04-27 02:45:19.410438');
INSERT INTO "Planets" ("Id", "Name", "RotationPeriod", "OrbitalPeriod", "Diameter", "Climate", "Gravity", "Terrain", "SurfaceWater", "Population", "CreatedAt", "UpdatedAt") VALUES ('c3ade80c-33c2-4ee2-be62-87b527a33ae7', 'Kashyyyk', '26', '381', '12765', 'tropical', '1 standard', 'jungle, forests, lakes, rivers', '60', '45000000', '2024-04-27 05:45:17.617032', '2024-04-27 02:45:19.410424');
INSERT INTO "Planets" ("Id", "Name", "RotationPeriod", "OrbitalPeriod", "Diameter", "Climate", "Gravity", "Terrain", "SurfaceWater", "Population", "CreatedAt", "UpdatedAt") VALUES ('c8d9d2db-f25f-4abb-879e-339ed82827f7', 'Jakku', 'unknown', 'unknown', 'unknown', 'unknown', 'unknown', 'deserts', 'unknown', 'unknown', '2024-04-27 05:45:17.617496', '2024-04-27 02:45:19.410471');
INSERT INTO "Planets" ("Id", "Name", "RotationPeriod", "OrbitalPeriod", "Diameter", "Climate", "Gravity", "Terrain", "SurfaceWater", "Population", "CreatedAt", "UpdatedAt") VALUES ('cd9265d7-c29e-4182-8d20-90150907208d', 'Endor', '18', '402', '4900', 'temperate', '0.85 standard', 'forests, mountains, lakes', '8', '30000000', '2024-04-27 05:45:17.616866', '2024-04-27 02:45:19.410406');
INSERT INTO "Planets" ("Id", "Name", "RotationPeriod", "OrbitalPeriod", "Diameter", "Climate", "Gravity", "Terrain", "SurfaceWater", "Population", "CreatedAt", "UpdatedAt") VALUES ('dde1d652-b1bf-4fc1-9a8b-49855d67805c', 'Stewjon', 'unknown', 'unknown', '0', 'temperate', '1 standard', 'grass', 'unknown', 'unknown', '2024-04-27 05:45:17.617098', '2024-04-27 02:45:19.410427');
INSERT INTO "Planets" ("Id", "Name", "RotationPeriod", "OrbitalPeriod", "Diameter", "Climate", "Gravity", "Terrain", "SurfaceWater", "Population", "CreatedAt", "UpdatedAt") VALUES ('e43ddd73-2b01-4a9b-8ddf-39a86aea06b0', 'Skako', '27', '384', 'unknown', 'temperate', '1', 'urban, vines', 'unknown', '500000000000', '2024-04-27 05:45:17.617452', '2024-04-27 02:45:19.41046');
INSERT INTO "Planets" ("Id", "Name", "RotationPeriod", "OrbitalPeriod", "Diameter", "Climate", "Gravity", "Terrain", "SurfaceWater", "Population", "CreatedAt", "UpdatedAt") VALUES ('ebf9266c-63b1-489d-88f7-233c137443a1', 'Rodia', '29', '305', '7549', 'hot', '1 standard', 'jungles, oceans, urban, swamps', '60', '1300000000', '2024-04-27 05:45:17.617128', '2024-04-27 02:45:19.410429');
INSERT INTO "Planets" ("Id", "Name", "RotationPeriod", "OrbitalPeriod", "Diameter", "Climate", "Gravity", "Terrain", "SurfaceWater", "Population", "CreatedAt", "UpdatedAt") VALUES ('ebfd557e-f6b2-4933-88fd-913cd7c11c49', 'Shili', 'unknown', 'unknown', 'unknown', 'temperate', '1', 'cities, savannahs, seas, plains', 'unknown', 'unknown', '2024-04-27 05:45:17.61747', '2024-04-27 02:45:19.410462');
INSERT INTO "Planets" ("Id", "Name", "RotationPeriod", "OrbitalPeriod", "Diameter", "Climate", "Gravity", "Terrain", "SurfaceWater", "Population", "CreatedAt", "UpdatedAt") VALUES ('f4a1c92e-4e38-4883-a2ae-10a1886d0964', 'Cato Neimoidia', '25', '278', '0', 'temperate, moist', '1 standard', 'mountains, fields, forests, rock arches', 'unknown', '10000000', '2024-04-27 05:45:17.617076', '2024-04-27 02:45:19.410426');
INSERT INTO "Planets" ("Id", "Name", "RotationPeriod", "OrbitalPeriod", "Diameter", "Climate", "Gravity", "Terrain", "SurfaceWater", "Population", "CreatedAt", "UpdatedAt") VALUES ('f5d5865e-1555-4cf1-851d-56306c0efdec', 'Serenno', 'unknown', 'unknown', 'unknown', 'unknown', 'unknown', 'rainforests, rivers, mountains', 'unknown', 'unknown', '2024-04-27 05:45:17.617416', '2024-04-27 02:45:19.410457');
INSERT INTO "Planets" ("Id", "Name", "RotationPeriod", "OrbitalPeriod", "Diameter", "Climate", "Gravity", "Terrain", "SurfaceWater", "Population", "CreatedAt", "UpdatedAt") VALUES ('fb95680d-09d9-456d-b94b-a6789be48818', 'Kalee', '23', '378', '13850', 'arid, temperate, tropical', '1', 'rainforests, cliffs, canyons, seas', 'unknown', '4000000000', '2024-04-27 05:45:17.617479', '2024-04-27 02:45:19.410468');
INSERT INTO "Planets" ("Id", "Name", "RotationPeriod", "OrbitalPeriod", "Diameter", "Climate", "Gravity", "Terrain", "SurfaceWater", "Population", "CreatedAt", "UpdatedAt") VALUES ('fbc35904-d32d-4d57-b545-bfda163f9d54', 'Dathomir', '24', '491', '10480', 'temperate', '0.9', 'forests, deserts, savannas', 'unknown', '5200', '2024-04-27 05:45:17.617269', '2024-04-27 02:45:19.410444');
INSERT INTO "Planets" ("Id", "Name", "RotationPeriod", "OrbitalPeriod", "Diameter", "Climate", "Gravity", "Terrain", "SurfaceWater", "Population", "CreatedAt", "UpdatedAt") VALUES ('fcbf642e-df4b-4c7e-8893-d83cd6f79530', 'Socorro', '20', '326', '0', 'arid', '1 standard', 'deserts, mountains', 'unknown', '300000000', '2024-04-27 05:45:17.617213', '2024-04-27 02:45:19.41044');


--
-- Data for Name: Characters; Type: TABLE DATA; Schema: public; Owner: postgres
--

INSERT INTO "Characters" ("Id", "Name", "Height", "Weight", "HairColor", "SkinColor", "EyeColor", "BirthYear", "Gender", "PlanetId", "CreatedAt", "UpdatedAt") VALUES ('00fcb1f1-4b30-493d-9b39-79088a3d3c2e', 'Bossk', '190', '113', 'none', 'green', 'red', '53BBY', 'male', '511ed7c7-d856-4cb3-9aa2-ee6fbd90f4ae', '2024-04-27 05:45:15.796466', '2024-04-27 02:45:19.409068');
INSERT INTO "Characters" ("Id", "Name", "Height", "Weight", "HairColor", "SkinColor", "EyeColor", "BirthYear", "Gender", "PlanetId", "CreatedAt", "UpdatedAt") VALUES ('0699c450-a0ce-469e-9e3b-7b0eb62f3742', 'Lama Su', '229', '88', 'none', 'grey', 'black', 'unknown', 'male', 'a310b24c-26a5-4ee4-bf3a-5f849cdff426', '2024-04-27 05:45:15.797225', '2024-04-27 02:45:19.409112');
INSERT INTO "Characters" ("Id", "Name", "Height", "Weight", "HairColor", "SkinColor", "EyeColor", "BirthYear", "Gender", "PlanetId", "CreatedAt", "UpdatedAt") VALUES ('06a108ca-199e-41df-bbbc-1e72972ca6bf', 'Gregar Typho', '185', '85', 'black', 'dark', 'brown', 'unknown', 'male', '8e27130f-bde3-41e7-8ed2-1faa2e12dc36', '2024-04-27 05:45:15.797064', '2024-04-27 02:45:19.409101');
INSERT INTO "Characters" ("Id", "Name", "Height", "Weight", "HairColor", "SkinColor", "EyeColor", "BirthYear", "Gender", "PlanetId", "CreatedAt", "UpdatedAt") VALUES ('09e1d195-7244-43e4-bea5-b5dfa47f9ada', 'Plo Koon', '188', '80', 'none', 'orange', 'black', '22BBY', 'male', '7580a5a5-59ed-47ae-86c3-f5890450de0b', '2024-04-27 05:45:15.797019', '2024-04-27 02:45:19.409099');
INSERT INTO "Characters" ("Id", "Name", "Height", "Weight", "HairColor", "SkinColor", "EyeColor", "BirthYear", "Gender", "PlanetId", "CreatedAt", "UpdatedAt") VALUES ('0ec9bb23-1660-45cb-93fc-dfa99a6154f7', 'Bib Fortuna', '180', 'unknown', 'none', 'pale', 'pink', 'unknown', 'male', '56406485-94d0-4673-a28a-cff7647ee8bb', '2024-04-27 05:45:15.796775', '2024-04-27 02:45:19.409085');
INSERT INTO "Characters" ("Id", "Name", "Height", "Weight", "HairColor", "SkinColor", "EyeColor", "BirthYear", "Gender", "PlanetId", "CreatedAt", "UpdatedAt") VALUES ('0f0c6547-a943-44e1-bded-cd5d858d9827', 'Eeth Koth', '171', 'unknown', 'black', 'brown', 'brown', 'unknown', 'male', '8c035009-13e7-4f67-bf3c-b3a0ae12b06d', '2024-04-27 05:45:15.796947', '2024-04-27 02:45:19.409095');
INSERT INTO "Characters" ("Id", "Name", "Height", "Weight", "HairColor", "SkinColor", "EyeColor", "BirthYear", "Gender", "PlanetId", "CreatedAt", "UpdatedAt") VALUES ('126af908-b663-4c2f-99d7-9b478a5b095f', 'Wat Tambor', '193', '48', 'none', 'green, grey', 'unknown', 'unknown', 'male', 'e43ddd73-2b01-4a9b-8ddf-39a86aea06b0', '2024-04-27 05:45:15.797276', '2024-04-27 02:45:19.409115');
INSERT INTO "Characters" ("Id", "Name", "Height", "Weight", "HairColor", "SkinColor", "EyeColor", "BirthYear", "Gender", "PlanetId", "CreatedAt", "UpdatedAt") VALUES ('12e04e34-5939-48a7-8c8f-e2a7921db382', 'Biggs Darklighter', '183', '84', 'black', 'light', 'brown', '24BBY', 'male', 'b26b1e40-b706-4938-9319-e574bb58ccef', '2024-04-27 05:45:15.796202', '2024-04-27 02:45:19.409051');
INSERT INTO "Characters" ("Id", "Name", "Height", "Weight", "HairColor", "SkinColor", "EyeColor", "BirthYear", "Gender", "PlanetId", "CreatedAt", "UpdatedAt") VALUES ('148abc4f-d461-4b37-8bd5-fbb14c4d3bc0', 'Dud Bolt', '94', '45', 'none', 'blue, grey', 'yellow', 'unknown', 'male', '83300a9f-53e7-40d0-9a9d-44d0da6af700', '2024-04-27 05:45:15.796828', '2024-04-27 02:45:19.409088');
INSERT INTO "Characters" ("Id", "Name", "Height", "Weight", "HairColor", "SkinColor", "EyeColor", "BirthYear", "Gender", "PlanetId", "CreatedAt", "UpdatedAt") VALUES ('176564c4-3d1d-4dc1-b382-0f8db02e02d1', 'Taun We', '213', 'unknown', 'none', 'grey', 'black', 'unknown', 'female', 'a310b24c-26a5-4ee4-bf3a-5f849cdff426', '2024-04-27 05:45:15.797237', '2024-04-27 02:45:19.409112');
INSERT INTO "Characters" ("Id", "Name", "Height", "Weight", "HairColor", "SkinColor", "EyeColor", "BirthYear", "Gender", "PlanetId", "CreatedAt", "UpdatedAt") VALUES ('18b21a50-7251-4062-a0db-73b81bef321f', 'Leia Organa', '150', '49', 'brown', 'light', 'brown', '19BBY', 'female', '24daef79-4f92-49ea-8140-620f3ae06d90', '2024-04-27 05:45:15.79611', '2024-04-27 02:45:19.409049');
INSERT INTO "Characters" ("Id", "Name", "Height", "Weight", "HairColor", "SkinColor", "EyeColor", "BirthYear", "Gender", "PlanetId", "CreatedAt", "UpdatedAt") VALUES ('1f3139ab-1cf9-4d45-bc35-adda2aa2a9c6', 'Lobot', '175', '79', 'none', 'light', 'blue', '37BBY', 'male', '6db9cebd-59bf-4daa-9d48-0b3c46e474d9', '2024-04-27 05:45:15.7965', '2024-04-27 02:45:19.40907');
INSERT INTO "Characters" ("Id", "Name", "Height", "Weight", "HairColor", "SkinColor", "EyeColor", "BirthYear", "Gender", "PlanetId", "CreatedAt", "UpdatedAt") VALUES ('26231e77-2d39-4775-b3ca-8308607eded1', 'Nute Gunray', '191', '90', 'none', 'mottled green', 'red', 'unknown', 'male', 'f4a1c92e-4e38-4883-a2ae-10a1886d0964', '2024-04-27 05:45:15.79659', '2024-04-27 02:45:19.409076');
INSERT INTO "Characters" ("Id", "Name", "Height", "Weight", "HairColor", "SkinColor", "EyeColor", "BirthYear", "Gender", "PlanetId", "CreatedAt", "UpdatedAt") VALUES ('26677a81-b22a-498c-a37e-1a350a96a922', 'Barriss Offee', '166', '50', 'black', 'yellow', 'blue', '40BBY', 'female', '11c26447-3cb3-4cc8-a169-bbbb8b0889dc', '2024-04-27 05:45:15.797127', '2024-04-27 02:45:19.409106');
INSERT INTO "Characters" ("Id", "Name", "Height", "Weight", "HairColor", "SkinColor", "EyeColor", "BirthYear", "Gender", "PlanetId", "CreatedAt", "UpdatedAt") VALUES ('2a1ab299-2e72-4b0e-89fe-4b5f86c55b17', 'Cliegg Lars', '183', 'unknown', 'brown', 'fair', 'blue', '82BBY', 'male', 'b26b1e40-b706-4938-9319-e574bb58ccef', '2024-04-27 05:45:15.797087', '2024-04-27 02:45:19.409103');
INSERT INTO "Characters" ("Id", "Name", "Height", "Weight", "HairColor", "SkinColor", "EyeColor", "BirthYear", "Gender", "PlanetId", "CreatedAt", "UpdatedAt") VALUES ('2ddbc433-4567-4786-a6e7-e812b0cb05f3', 'Darth Vader', '202', '136', 'none', 'white', 'yellow', '41.9BBY', 'male', 'b26b1e40-b706-4938-9319-e574bb58ccef', '2024-04-27 05:45:15.796086', '2024-04-27 02:45:19.409046');
INSERT INTO "Characters" ("Id", "Name", "Height", "Weight", "HairColor", "SkinColor", "EyeColor", "BirthYear", "Gender", "PlanetId", "CreatedAt", "UpdatedAt") VALUES ('2f308770-0dc9-4d44-ad33-33cf382629ae', 'Boba Fett', '183', '78.2', 'black', 'fair', 'brown', '31.5BBY', 'male', 'a310b24c-26a5-4ee4-bf3a-5f849cdff426', '2024-04-27 05:45:15.796435', '2024-04-27 02:45:19.409067');
INSERT INTO "Characters" ("Id", "Name", "Height", "Weight", "HairColor", "SkinColor", "EyeColor", "BirthYear", "Gender", "PlanetId", "CreatedAt", "UpdatedAt") VALUES ('387f8b3a-536c-4a7d-8666-db109b39ad2c', 'Finis Valorum', '170', 'unknown', 'blond', 'fair', 'blue', '91BBY', 'male', '26d039aa-1027-43e8-baec-f7e6ca4f8ca8', '2024-04-27 05:45:15.796608', '2024-04-27 02:45:19.409077');
INSERT INTO "Characters" ("Id", "Name", "Height", "Weight", "HairColor", "SkinColor", "EyeColor", "BirthYear", "Gender", "PlanetId", "CreatedAt", "UpdatedAt") VALUES ('38a9f362-ff12-4008-b9c8-9a5ba14e02e1', 'Qui-Gon Jinn', '193', '89', 'brown', 'fair', 'blue', '92BBY', 'male', 'b9fad4df-4730-48cc-a7e1-ac1b13592d9f', '2024-04-27 05:45:15.796578', '2024-04-27 02:45:19.409075');
INSERT INTO "Characters" ("Id", "Name", "Height", "Weight", "HairColor", "SkinColor", "EyeColor", "BirthYear", "Gender", "PlanetId", "CreatedAt", "UpdatedAt") VALUES ('3d17fb82-a1c5-4bc7-ac1c-927c86931c32', 'Quarsh Panaka', '183', 'unknown', 'black', 'dark', 'brown', '62BBY', 'male', '8e27130f-bde3-41e7-8ed2-1faa2e12dc36', '2024-04-27 05:45:15.796734', '2024-04-27 02:45:19.409083');
INSERT INTO "Characters" ("Id", "Name", "Height", "Weight", "HairColor", "SkinColor", "EyeColor", "BirthYear", "Gender", "PlanetId", "CreatedAt", "UpdatedAt") VALUES ('3da2d5eb-5773-4e78-8369-606778ab604d', 'Ratts Tyerel', '79', '15', 'none', 'grey, blue', 'unknown', 'unknown', 'male', '6f077362-0f3e-4538-94e0-58ce97a4f721', '2024-04-27 05:45:15.796815', '2024-04-27 02:45:19.409087');
INSERT INTO "Characters" ("Id", "Name", "Height", "Weight", "HairColor", "SkinColor", "EyeColor", "BirthYear", "Gender", "PlanetId", "CreatedAt", "UpdatedAt") VALUES ('3db6e3a7-3553-410c-a86d-4bacdbcef2bb', 'Saesee Tiin', '188', 'unknown', 'none', 'pale', 'orange', 'unknown', 'male', '59f22ba1-4550-40d5-bea4-ce9a48d52012', '2024-04-27 05:45:15.79698', '2024-04-27 02:45:19.409097');
INSERT INTO "Characters" ("Id", "Name", "Height", "Weight", "HairColor", "SkinColor", "EyeColor", "BirthYear", "Gender", "PlanetId", "CreatedAt", "UpdatedAt") VALUES ('3dc07b83-4de8-4b86-a1b7-09604b7913e8', 'Owen Lars', '178', '120', 'brown, grey', 'light', 'blue', '52BBY', 'male', 'b26b1e40-b706-4938-9319-e574bb58ccef', '2024-04-27 05:45:15.796146', '2024-04-27 02:45:19.40905');
INSERT INTO "Characters" ("Id", "Name", "Height", "Weight", "HairColor", "SkinColor", "EyeColor", "BirthYear", "Gender", "PlanetId", "CreatedAt", "UpdatedAt") VALUES ('3de610de-993b-492f-9bde-6a95fac44b6c', 'Wilhuff Tarkin', '180', 'unknown', 'auburn, grey', 'fair', 'blue', '64BBY', 'male', 'aa34e16b-fbf8-41a4-aa54-02b8de973d13', '2024-04-27 05:45:15.79626', '2024-04-27 02:45:19.409055');
INSERT INTO "Characters" ("Id", "Name", "Height", "Weight", "HairColor", "SkinColor", "EyeColor", "BirthYear", "Gender", "PlanetId", "CreatedAt", "UpdatedAt") VALUES ('3f21a90c-32ee-45a3-8f0d-e2b9d9b5d119', 'Grievous', '216', '159', 'none', 'brown, white', 'green, yellow', 'unknown', 'male', 'fb95680d-09d9-456d-b94b-a6789be48818', '2024-04-27 05:45:15.797314', '2024-04-27 02:45:19.409118');
INSERT INTO "Characters" ("Id", "Name", "Height", "Weight", "HairColor", "SkinColor", "EyeColor", "BirthYear", "Gender", "PlanetId", "CreatedAt", "UpdatedAt") VALUES ('40af22e2-ec2f-4d36-9c78-257bbe10a831', 'R2-D2', '96', '32', 'n/a', 'white, blue', 'red', '33BBY', 'n/a', '8e27130f-bde3-41e7-8ed2-1faa2e12dc36', '2024-04-27 05:45:15.796054', '2024-04-27 02:45:19.409045');
INSERT INTO "Characters" ("Id", "Name", "Height", "Weight", "HairColor", "SkinColor", "EyeColor", "BirthYear", "Gender", "PlanetId", "CreatedAt", "UpdatedAt") VALUES ('435aa73c-1e9c-4675-af13-c38ffaaf3ca9', 'Gasgano', '122', 'unknown', 'none', 'white, blue', 'black', 'unknown', 'male', '71cec979-bd78-4a97-9c10-d4c25a260083', '2024-04-27 05:45:15.796852', '2024-04-27 02:45:19.409089');
INSERT INTO "Characters" ("Id", "Name", "Height", "Weight", "HairColor", "SkinColor", "EyeColor", "BirthYear", "Gender", "PlanetId", "CreatedAt", "UpdatedAt") VALUES ('45649eed-f1be-46b6-8ba3-50727315b0e5', 'IG-88', '200', '140', 'none', 'metal', 'red', '15BBY', 'none', 'b9fad4df-4730-48cc-a7e1-ac1b13592d9f', '2024-04-27 05:45:15.796453', '2024-04-27 02:45:19.409068');
INSERT INTO "Characters" ("Id", "Name", "Height", "Weight", "HairColor", "SkinColor", "EyeColor", "BirthYear", "Gender", "PlanetId", "CreatedAt", "UpdatedAt") VALUES ('4881180c-9e63-4f60-924d-40dd6101e272', 'Luminara Unduli', '170', '56.2', 'black', 'yellow', 'blue', '58BBY', 'female', '11c26447-3cb3-4cc8-a169-bbbb8b0889dc', '2024-04-27 05:45:15.797113', '2024-04-27 02:45:19.409105');
INSERT INTO "Characters" ("Id", "Name", "Height", "Weight", "HairColor", "SkinColor", "EyeColor", "BirthYear", "Gender", "PlanetId", "CreatedAt", "UpdatedAt") VALUES ('4ddce59c-8422-41ae-8ec7-1759e36fd700', 'Mon Mothma', '150', 'unknown', 'auburn', 'fair', 'blue', '48BBY', 'female', '64b59712-323c-421a-b065-972b7e4fc937', '2024-04-27 05:45:15.796528', '2024-04-27 02:45:19.409072');
INSERT INTO "Characters" ("Id", "Name", "Height", "Weight", "HairColor", "SkinColor", "EyeColor", "BirthYear", "Gender", "PlanetId", "CreatedAt", "UpdatedAt") VALUES ('531cd852-fd09-468f-a0d5-dd856b3c7002', 'Jek Tono Porkins', '180', '110', 'brown', 'fair', 'blue', 'unknown', 'male', '6a39107c-d54c-4486-ad09-2d04f7a1406f', '2024-04-27 05:45:15.796376', '2024-04-27 02:45:19.409063');
INSERT INTO "Characters" ("Id", "Name", "Height", "Weight", "HairColor", "SkinColor", "EyeColor", "BirthYear", "Gender", "PlanetId", "CreatedAt", "UpdatedAt") VALUES ('549e4d5e-eeff-4ee6-8788-3f6e2d15b98c', 'Finn', 'unknown', 'unknown', 'black', 'dark', 'dark', 'unknown', 'male', 'b9fad4df-4730-48cc-a7e1-ac1b13592d9f', '2024-04-27 05:45:15.797389', '2024-04-27 02:45:19.409122');
INSERT INTO "Characters" ("Id", "Name", "Height", "Weight", "HairColor", "SkinColor", "EyeColor", "BirthYear", "Gender", "PlanetId", "CreatedAt", "UpdatedAt") VALUES ('585fb111-a7b8-40b4-9b57-7233d57cb6fb', 'Shmi Skywalker', '163', 'unknown', 'black', 'fair', 'brown', '72BBY', 'female', 'b26b1e40-b706-4938-9319-e574bb58ccef', '2024-04-27 05:45:15.796747', '2024-04-27 02:45:19.409084');
INSERT INTO "Characters" ("Id", "Name", "Height", "Weight", "HairColor", "SkinColor", "EyeColor", "BirthYear", "Gender", "PlanetId", "CreatedAt", "UpdatedAt") VALUES ('58a79064-92ad-461b-ac79-4e365e3b21a0', 'Raymus Antilles', '188', '79', 'brown', 'light', 'brown', 'unknown', 'male', '24daef79-4f92-49ea-8140-620f3ae06d90', '2024-04-27 05:45:15.797346', '2024-04-27 02:45:19.40912');
INSERT INTO "Characters" ("Id", "Name", "Height", "Weight", "HairColor", "SkinColor", "EyeColor", "BirthYear", "Gender", "PlanetId", "CreatedAt", "UpdatedAt") VALUES ('5c89cf49-3e4a-4a06-8d1f-0dec386138d9', 'C-3PO', '167', '75', 'n/a', 'gold', 'yellow', '112BBY', 'n/a', 'b26b1e40-b706-4938-9319-e574bb58ccef', '2024-04-27 05:45:15.796', '2024-04-27 02:45:19.409043');
INSERT INTO "Characters" ("Id", "Name", "Height", "Weight", "HairColor", "SkinColor", "EyeColor", "BirthYear", "Gender", "PlanetId", "CreatedAt", "UpdatedAt") VALUES ('5d10bfe7-7dbe-4ed9-baf6-642ff4983eac', 'Ackbar', '180', '83', 'none', 'brown mottle', 'orange', '41BBY', 'male', '5f0a66fc-f0e2-4684-9eb1-775010549193', '2024-04-27 05:45:15.796513', '2024-04-27 02:45:19.409071');
INSERT INTO "Characters" ("Id", "Name", "Height", "Weight", "HairColor", "SkinColor", "EyeColor", "BirthYear", "Gender", "PlanetId", "CreatedAt", "UpdatedAt") VALUES ('5ee95bd9-bef2-4968-9fc4-5d01373b2cf1', 'Wicket Systri Warrick', '88', '20', 'brown', 'brown', 'brown', '8BBY', 'male', 'cd9265d7-c29e-4182-8d20-90150907208d', '2024-04-27 05:45:15.796551', '2024-04-27 02:45:19.409073');
INSERT INTO "Characters" ("Id", "Name", "Height", "Weight", "HairColor", "SkinColor", "EyeColor", "BirthYear", "Gender", "PlanetId", "CreatedAt", "UpdatedAt") VALUES ('6527d398-1d00-4ff3-b754-cd3058937eb5', 'Roos Tarpals', '224', '82', 'none', 'grey', 'orange', 'unknown', 'male', '8e27130f-bde3-41e7-8ed2-1faa2e12dc36', '2024-04-27 05:45:15.79667', '2024-04-27 02:45:19.40908');
INSERT INTO "Characters" ("Id", "Name", "Height", "Weight", "HairColor", "SkinColor", "EyeColor", "BirthYear", "Gender", "PlanetId", "CreatedAt", "UpdatedAt") VALUES ('6b4950b8-de98-48b6-b2c6-3e6816d3ad22', 'Sebulba', '112', '40', 'none', 'grey, red', 'orange', 'unknown', 'male', '72207c9b-76c5-4740-a1f7-c3b7f7018e0d', '2024-04-27 05:45:15.796722', '2024-04-27 02:45:19.409083');
INSERT INTO "Characters" ("Id", "Name", "Height", "Weight", "HairColor", "SkinColor", "EyeColor", "BirthYear", "Gender", "PlanetId", "CreatedAt", "UpdatedAt") VALUES ('71b9c6d0-0d6c-44b0-b2b7-1bf4890218bf', 'Tarfful', '234', '136', 'brown', 'brown', 'blue', 'unknown', 'male', 'c3ade80c-33c2-4ee2-be62-87b527a33ae7', '2024-04-27 05:45:15.797334', '2024-04-27 02:45:19.409119');
INSERT INTO "Characters" ("Id", "Name", "Height", "Weight", "HairColor", "SkinColor", "EyeColor", "BirthYear", "Gender", "PlanetId", "CreatedAt", "UpdatedAt") VALUES ('7303b4b7-5d04-4fd5-bdda-53ec94adfc3b', 'San Hill', '191', 'unknown', 'none', 'grey', 'gold', 'unknown', 'male', '98fc96c7-2d1b-4288-b50a-492052396973', '2024-04-27 05:45:15.797288', '2024-04-27 02:45:19.409116');
INSERT INTO "Characters" ("Id", "Name", "Height", "Weight", "HairColor", "SkinColor", "EyeColor", "BirthYear", "Gender", "PlanetId", "CreatedAt", "UpdatedAt") VALUES ('76c9cbbd-50b0-4992-a5c9-aff048d830f6', 'Lando Calrissian', '177', '79', 'black', 'dark', 'brown', '31BBY', 'male', 'fcbf642e-df4b-4c7e-8893-d83cd6f79530', '2024-04-27 05:45:15.796484', '2024-04-27 02:45:19.409069');
INSERT INTO "Characters" ("Id", "Name", "Height", "Weight", "HairColor", "SkinColor", "EyeColor", "BirthYear", "Gender", "PlanetId", "CreatedAt", "UpdatedAt") VALUES ('78f2c022-59e8-4666-b3ba-d5b7257c3981', 'Padmé Amidala', '185', '45', 'brown', 'light', 'brown', '46BBY', 'female', '8e27130f-bde3-41e7-8ed2-1faa2e12dc36', '2024-04-27 05:45:15.796621', '2024-04-27 02:45:19.409078');
INSERT INTO "Characters" ("Id", "Name", "Height", "Weight", "HairColor", "SkinColor", "EyeColor", "BirthYear", "Gender", "PlanetId", "CreatedAt", "UpdatedAt") VALUES ('7a503832-c9a6-4585-80f7-28c5d1f1ceec', 'Dormé', '165', 'unknown', 'brown', 'light', 'brown', 'unknown', 'female', '8e27130f-bde3-41e7-8ed2-1faa2e12dc36', '2024-04-27 05:45:15.797139', '2024-04-27 02:45:19.409106');
INSERT INTO "Characters" ("Id", "Name", "Height", "Weight", "HairColor", "SkinColor", "EyeColor", "BirthYear", "Gender", "PlanetId", "CreatedAt", "UpdatedAt") VALUES ('85767044-e6a8-4b7e-8a48-98e3a9c625df', 'R4-P17', '96', 'unknown', 'none', 'silver, red', 'red, blue', 'unknown', 'female', 'b9fad4df-4730-48cc-a7e1-ac1b13592d9f', '2024-04-27 05:45:15.797262', '2024-04-27 02:45:19.409114');
INSERT INTO "Characters" ("Id", "Name", "Height", "Weight", "HairColor", "SkinColor", "EyeColor", "BirthYear", "Gender", "PlanetId", "CreatedAt", "UpdatedAt") VALUES ('89fc5736-3fce-49aa-a6c3-e8f446599473', 'Chewbacca', '228', '112', 'brown', 'unknown', 'blue', '200BBY', 'male', 'c3ade80c-33c2-4ee2-be62-87b527a33ae7', '2024-04-27 05:45:15.796275', '2024-04-27 02:45:19.409057');
INSERT INTO "Characters" ("Id", "Name", "Height", "Weight", "HairColor", "SkinColor", "EyeColor", "BirthYear", "Gender", "PlanetId", "CreatedAt", "UpdatedAt") VALUES ('8a08864f-7088-4ff9-af91-90ac84252b0a', 'BB8', 'none', 'unknown', 'none', 'none', 'black', 'unknown', 'none', 'b9fad4df-4730-48cc-a7e1-ac1b13592d9f', '2024-04-27 05:45:15.797424', '2024-04-27 02:45:19.409125');
INSERT INTO "Characters" ("Id", "Name", "Height", "Weight", "HairColor", "SkinColor", "EyeColor", "BirthYear", "Gender", "PlanetId", "CreatedAt", "UpdatedAt") VALUES ('8a8f7631-1b9c-4e7e-80d1-b5dfcced39f2', 'Han Solo', '180', '80', 'brown', 'fair', 'brown', '29BBY', 'male', '8560844b-35ea-4ada-aa91-66d98933de57', '2024-04-27 05:45:15.796298', '2024-04-27 02:45:19.40906');
INSERT INTO "Characters" ("Id", "Name", "Height", "Weight", "HairColor", "SkinColor", "EyeColor", "BirthYear", "Gender", "PlanetId", "CreatedAt", "UpdatedAt") VALUES ('8b95ccfe-36d4-4d80-a809-74ef86c6f2aa', 'Jar Jar Binks', '196', '66', 'none', 'orange', 'orange', '52BBY', 'male', '8e27130f-bde3-41e7-8ed2-1faa2e12dc36', '2024-04-27 05:45:15.796654', '2024-04-27 02:45:19.409079');
INSERT INTO "Characters" ("Id", "Name", "Height", "Weight", "HairColor", "SkinColor", "EyeColor", "BirthYear", "Gender", "PlanetId", "CreatedAt", "UpdatedAt") VALUES ('8bbfcb10-8547-4b95-8061-0fe5459b921b', 'Kit Fisto', '196', '87', 'none', 'green', 'black', 'unknown', 'male', '15e33913-3296-4f82-a6ef-a54d8c597de7', '2024-04-27 05:45:15.796928', '2024-04-27 02:45:19.409094');
INSERT INTO "Characters" ("Id", "Name", "Height", "Weight", "HairColor", "SkinColor", "EyeColor", "BirthYear", "Gender", "PlanetId", "CreatedAt", "UpdatedAt") VALUES ('8cb394a5-4f79-4e17-8d19-6238e7c10b8e', 'Arvel Crynyd', 'unknown', 'unknown', 'brown', 'fair', 'brown', 'unknown', 'male', 'b9fad4df-4730-48cc-a7e1-ac1b13592d9f', '2024-04-27 05:45:15.796539', '2024-04-27 02:45:19.409072');
INSERT INTO "Characters" ("Id", "Name", "Height", "Weight", "HairColor", "SkinColor", "EyeColor", "BirthYear", "Gender", "PlanetId", "CreatedAt", "UpdatedAt") VALUES ('8e01fbcf-cadc-4257-9299-7d1aac8fe7df', 'Sly Moore', '178', '48', 'none', 'pale', 'white', 'unknown', 'female', '3a8f59e8-f247-4da9-80fc-9f7e48e10f6b', '2024-04-27 05:45:15.797361', '2024-04-27 02:45:19.409121');
INSERT INTO "Characters" ("Id", "Name", "Height", "Weight", "HairColor", "SkinColor", "EyeColor", "BirthYear", "Gender", "PlanetId", "CreatedAt", "UpdatedAt") VALUES ('8ea614fa-e1c2-4d48-b24c-d014dcc8f9de', 'Palpatine', '170', '75', 'grey', 'pale', 'yellow', '82BBY', 'male', '8e27130f-bde3-41e7-8ed2-1faa2e12dc36', '2024-04-27 05:45:15.796412', '2024-04-27 02:45:19.409066');
INSERT INTO "Characters" ("Id", "Name", "Height", "Weight", "HairColor", "SkinColor", "EyeColor", "BirthYear", "Gender", "PlanetId", "CreatedAt", "UpdatedAt") VALUES ('91a1be66-7667-410d-819f-f5bca0710018', 'Dooku', '193', '80', 'white', 'fair', 'brown', '102BBY', 'male', 'f5d5865e-1555-4cf1-851d-56306c0efdec', '2024-04-27 05:45:15.797151', '2024-04-27 02:45:19.409107');
INSERT INTO "Characters" ("Id", "Name", "Height", "Weight", "HairColor", "SkinColor", "EyeColor", "BirthYear", "Gender", "PlanetId", "CreatedAt", "UpdatedAt") VALUES ('92902f69-806a-4e29-bb4f-0142fd2070f4', 'Poe Dameron', 'unknown', 'unknown', 'brown', 'light', 'brown', 'unknown', 'male', 'b9fad4df-4730-48cc-a7e1-ac1b13592d9f', '2024-04-27 05:45:15.797412', '2024-04-27 02:45:19.409124');
INSERT INTO "Characters" ("Id", "Name", "Height", "Weight", "HairColor", "SkinColor", "EyeColor", "BirthYear", "Gender", "PlanetId", "CreatedAt", "UpdatedAt") VALUES ('9400a2c3-947a-4197-add5-d379720312ba', 'Dexter Jettster', '198', '102', 'none', 'brown', 'yellow', 'unknown', 'male', '27c4c264-a276-4949-9da9-2c2b7533ef2c', '2024-04-27 05:45:15.797213', '2024-04-27 02:45:19.409111');
INSERT INTO "Characters" ("Id", "Name", "Height", "Weight", "HairColor", "SkinColor", "EyeColor", "BirthYear", "Gender", "PlanetId", "CreatedAt", "UpdatedAt") VALUES ('94b1969b-b535-4211-b3ec-d125cfe61a9c', 'Greedo', '173', '74', 'n/a', 'green', 'black', '44BBY', 'male', 'ebf9266c-63b1-489d-88f7-233c137443a1', '2024-04-27 05:45:15.796327', '2024-04-27 02:45:19.409061');
INSERT INTO "Characters" ("Id", "Name", "Height", "Weight", "HairColor", "SkinColor", "EyeColor", "BirthYear", "Gender", "PlanetId", "CreatedAt", "UpdatedAt") VALUES ('94b36f6b-965c-47bb-b805-f9c02edf8b07', 'Shaak Ti', '178', '57', 'none', 'red, blue, white', 'black', 'unknown', 'female', 'ebfd557e-f6b2-4933-88fd-913cd7c11c49', '2024-04-27 05:45:15.7973', '2024-04-27 02:45:19.409117');
INSERT INTO "Characters" ("Id", "Name", "Height", "Weight", "HairColor", "SkinColor", "EyeColor", "BirthYear", "Gender", "PlanetId", "CreatedAt", "UpdatedAt") VALUES ('9547147f-e22b-420d-bd62-82346f39ff86', 'Jango Fett', '183', '79', 'black', 'tan', 'brown', '66BBY', 'male', 'a9518290-e7e8-4916-841c-b74709f8fca5', '2024-04-27 05:45:15.797189', '2024-04-27 02:45:19.409109');
INSERT INTO "Characters" ("Id", "Name", "Height", "Weight", "HairColor", "SkinColor", "EyeColor", "BirthYear", "Gender", "PlanetId", "CreatedAt", "UpdatedAt") VALUES ('9acb2aaa-6bbb-45de-9add-ba2e06ddc584', 'Jocasta Nu', '167', 'unknown', 'white', 'fair', 'blue', 'unknown', 'female', '26d039aa-1027-43e8-baec-f7e6ca4f8ca8', '2024-04-27 05:45:15.797249', '2024-04-27 02:45:19.409113');
INSERT INTO "Characters" ("Id", "Name", "Height", "Weight", "HairColor", "SkinColor", "EyeColor", "BirthYear", "Gender", "PlanetId", "CreatedAt", "UpdatedAt") VALUES ('9f6003f4-a36c-45de-80e4-11ce5f604362', 'R5-D4', '97', '32', 'n/a', 'white, red', 'red', 'unknown', 'n/a', 'b26b1e40-b706-4938-9319-e574bb58ccef', '2024-04-27 05:45:15.79619', '2024-04-27 02:45:19.409051');
INSERT INTO "Characters" ("Id", "Name", "Height", "Weight", "HairColor", "SkinColor", "EyeColor", "BirthYear", "Gender", "PlanetId", "CreatedAt", "UpdatedAt") VALUES ('a7bfeffa-1cb9-46cd-b978-fa660cce6186', 'Yarael Poof', '264', 'unknown', 'none', 'white', 'yellow', 'unknown', 'male', '3c5d161d-88a4-4dbd-b30b-4c9c7780c3ce', '2024-04-27 05:45:15.797004', '2024-04-27 02:45:19.409098');
INSERT INTO "Characters" ("Id", "Name", "Height", "Weight", "HairColor", "SkinColor", "EyeColor", "BirthYear", "Gender", "PlanetId", "CreatedAt", "UpdatedAt") VALUES ('a96c89e6-103b-401e-801f-f29ba930a49e', 'Obi-Wan Kenobi', '182', '77', 'auburn, white', 'fair', 'blue-gray', '57BBY', 'male', 'dde1d652-b1bf-4fc1-9a8b-49855d67805c', '2024-04-27 05:45:15.796215', '2024-04-27 02:45:19.409053');
INSERT INTO "Characters" ("Id", "Name", "Height", "Weight", "HairColor", "SkinColor", "EyeColor", "BirthYear", "Gender", "PlanetId", "CreatedAt", "UpdatedAt") VALUES ('abafb2bf-a334-4c91-b38c-f47efdd65adc', 'Zam Wesell', '168', '55', 'blonde', 'fair, green, yellow', 'yellow', 'unknown', 'female', '8fc14780-63ca-4cac-a6bc-a7f93e05d796', '2024-04-27 05:45:15.797202', '2024-04-27 02:45:19.40911');
INSERT INTO "Characters" ("Id", "Name", "Height", "Weight", "HairColor", "SkinColor", "EyeColor", "BirthYear", "Gender", "PlanetId", "CreatedAt", "UpdatedAt") VALUES ('ae0d6b17-d8af-47a6-85f7-a623d49935bf', 'Yoda', '66', '17', 'white', 'green', 'brown', '896BBY', 'male', 'b9fad4df-4730-48cc-a7e1-ac1b13592d9f', '2024-04-27 05:45:15.796388', '2024-04-27 02:45:19.409065');
INSERT INTO "Characters" ("Id", "Name", "Height", "Weight", "HairColor", "SkinColor", "EyeColor", "BirthYear", "Gender", "PlanetId", "CreatedAt", "UpdatedAt") VALUES ('b228c08d-4c45-4657-b355-d02da83478ac', 'Bail Prestor Organa', '191', 'unknown', 'black', 'tan', 'brown', '67BBY', 'male', '24daef79-4f92-49ea-8140-620f3ae06d90', '2024-04-27 05:45:15.797173', '2024-04-27 02:45:19.409108');
INSERT INTO "Characters" ("Id", "Name", "Height", "Weight", "HairColor", "SkinColor", "EyeColor", "BirthYear", "Gender", "PlanetId", "CreatedAt", "UpdatedAt") VALUES ('b809786d-6b60-45d2-b350-bec96e2ee035', 'Ric Olié', '183', 'unknown', 'brown', 'fair', 'blue', 'unknown', 'male', '8e27130f-bde3-41e7-8ed2-1faa2e12dc36', '2024-04-27 05:45:15.796695', '2024-04-27 02:45:19.409081');
INSERT INTO "Characters" ("Id", "Name", "Height", "Weight", "HairColor", "SkinColor", "EyeColor", "BirthYear", "Gender", "PlanetId", "CreatedAt", "UpdatedAt") VALUES ('b8bc1a5d-8b45-4972-94ed-af9215c67c1c', 'Luke Skywalker', '172', '77', 'blond', 'fair', 'blue', '19BBY', 'male', 'b26b1e40-b706-4938-9319-e574bb58ccef', '2024-04-27 05:45:15.7955', '2024-04-27 02:45:19.409038');
INSERT INTO "Characters" ("Id", "Name", "Height", "Weight", "HairColor", "SkinColor", "EyeColor", "BirthYear", "Gender", "PlanetId", "CreatedAt", "UpdatedAt") VALUES ('bdee29e2-d6e5-4a86-926c-4b9372f33d73', 'Anakin Skywalker', '188', '84', 'blond', 'fair', 'blue', '41.9BBY', 'male', 'b26b1e40-b706-4938-9319-e574bb58ccef', '2024-04-27 05:45:15.796242', '2024-04-27 02:45:19.409054');
INSERT INTO "Characters" ("Id", "Name", "Height", "Weight", "HairColor", "SkinColor", "EyeColor", "BirthYear", "Gender", "PlanetId", "CreatedAt", "UpdatedAt") VALUES ('c2124fe6-94a4-456b-bec8-122aee37c9dd', 'Rey', 'unknown', 'unknown', 'brown', 'light', 'hazel', 'unknown', 'female', 'b9fad4df-4730-48cc-a7e1-ac1b13592d9f', '2024-04-27 05:45:15.797401', '2024-04-27 02:45:19.409123');
INSERT INTO "Characters" ("Id", "Name", "Height", "Weight", "HairColor", "SkinColor", "EyeColor", "BirthYear", "Gender", "PlanetId", "CreatedAt", "UpdatedAt") VALUES ('c467ef4a-dc9c-4339-8fd8-f740682cabd1', 'Adi Gallia', '184', '50', 'none', 'dark', 'blue', 'unknown', 'female', '26d039aa-1027-43e8-baec-f7e6ca4f8ca8', '2024-04-27 05:45:15.796963', '2024-04-27 02:45:19.409096');
INSERT INTO "Characters" ("Id", "Name", "Height", "Weight", "HairColor", "SkinColor", "EyeColor", "BirthYear", "Gender", "PlanetId", "CreatedAt", "UpdatedAt") VALUES ('d21dc908-7805-4418-a31e-6c8c603b2c99', 'Wedge Antilles', '170', '77', 'brown', 'fair', 'hazel', '21BBY', 'male', '8560844b-35ea-4ada-aa91-66d98933de57', '2024-04-27 05:45:15.796358', '2024-04-27 02:45:19.409062');
INSERT INTO "Characters" ("Id", "Name", "Height", "Weight", "HairColor", "SkinColor", "EyeColor", "BirthYear", "Gender", "PlanetId", "CreatedAt", "UpdatedAt") VALUES ('da49ddd7-faf8-4746-b719-e279197700b8', 'Ki-Adi-Mundi', '198', '82', 'white', 'pale', 'yellow', '92BBY', 'male', '119c1369-7366-4f9f-8b71-bc95324866b1', '2024-04-27 05:45:15.796908', '2024-04-27 02:45:19.409092');
INSERT INTO "Characters" ("Id", "Name", "Height", "Weight", "HairColor", "SkinColor", "EyeColor", "BirthYear", "Gender", "PlanetId", "CreatedAt", "UpdatedAt") VALUES ('da6d4f83-c87a-4136-b9e4-4f4309795a23', 'Ben Quadinaros', '163', '65', 'none', 'grey, green, yellow', 'orange', 'unknown', 'male', 'a9c6ab82-8cdd-4eed-b909-81d5190dd404', '2024-04-27 05:45:15.796866', '2024-04-27 02:45:19.40909');
INSERT INTO "Characters" ("Id", "Name", "Height", "Weight", "HairColor", "SkinColor", "EyeColor", "BirthYear", "Gender", "PlanetId", "CreatedAt", "UpdatedAt") VALUES ('db73763a-3436-409f-a4b3-283152ca7cad', 'Darth Maul', '175', '80', 'none', 'red', 'yellow', '54BBY', 'male', 'fbc35904-d32d-4d57-b545-bfda163f9d54', '2024-04-27 05:45:15.796763', '2024-04-27 02:45:19.409085');
INSERT INTO "Characters" ("Id", "Name", "Height", "Weight", "HairColor", "SkinColor", "EyeColor", "BirthYear", "Gender", "PlanetId", "CreatedAt", "UpdatedAt") VALUES ('e89c85e6-4046-40ff-a17a-2462a18f1fb3', 'Captain Phasma', 'none', 'unknown', 'none', 'none', 'unknown', 'unknown', 'female', 'b9fad4df-4730-48cc-a7e1-ac1b13592d9f', '2024-04-27 05:45:15.797435', '2024-04-27 02:45:19.409125');
INSERT INTO "Characters" ("Id", "Name", "Height", "Weight", "HairColor", "SkinColor", "EyeColor", "BirthYear", "Gender", "PlanetId", "CreatedAt", "UpdatedAt") VALUES ('e975ac19-3db0-491f-8d51-91f8ea15dddc', 'Tion Medon', '206', '80', 'none', 'grey', 'black', 'unknown', 'male', 'ac534b5a-6e06-4609-a239-a6ab1926e5f2', '2024-04-27 05:45:15.797377', '2024-04-27 02:45:19.409121');
INSERT INTO "Characters" ("Id", "Name", "Height", "Weight", "HairColor", "SkinColor", "EyeColor", "BirthYear", "Gender", "PlanetId", "CreatedAt", "UpdatedAt") VALUES ('e98ce11e-422b-4307-849c-8f9aa87330be', 'Watto', '137', 'unknown', 'black', 'blue, grey', 'yellow', 'unknown', 'male', '335338d0-e9bc-4ad7-827f-a20f7a18b054', '2024-04-27 05:45:15.796707', '2024-04-27 02:45:19.409082');
INSERT INTO "Characters" ("Id", "Name", "Height", "Weight", "HairColor", "SkinColor", "EyeColor", "BirthYear", "Gender", "PlanetId", "CreatedAt", "UpdatedAt") VALUES ('e98ecc20-c606-4a9d-be48-c97eb5a50d17', 'Mace Windu', '188', '84', 'none', 'dark', 'brown', '72BBY', 'male', '53f2efb8-0d76-4388-88bb-974203e126fb', '2024-04-27 05:45:15.796887', '2024-04-27 02:45:19.409091');
INSERT INTO "Characters" ("Id", "Name", "Height", "Weight", "HairColor", "SkinColor", "EyeColor", "BirthYear", "Gender", "PlanetId", "CreatedAt", "UpdatedAt") VALUES ('e9cf00d5-07bd-42f1-a00f-9f2ac77db9d4', 'Beru Whitesun lars', '165', '75', 'brown', 'light', 'blue', '47BBY', 'female', 'b26b1e40-b706-4938-9319-e574bb58ccef', '2024-04-27 05:45:15.796168', '2024-04-27 02:45:19.40905');
INSERT INTO "Characters" ("Id", "Name", "Height", "Weight", "HairColor", "SkinColor", "EyeColor", "BirthYear", "Gender", "PlanetId", "CreatedAt", "UpdatedAt") VALUES ('ef7e8cd5-1eff-4fd9-a396-83abc888ece1', 'Mas Amedda', '196', 'unknown', 'none', 'blue', 'blue', 'unknown', 'male', '7887d37c-829c-44bb-88a8-d96795918b12', '2024-04-27 05:45:15.797048', '2024-04-27 02:45:19.4091');
INSERT INTO "Characters" ("Id", "Name", "Height", "Weight", "HairColor", "SkinColor", "EyeColor", "BirthYear", "Gender", "PlanetId", "CreatedAt", "UpdatedAt") VALUES ('f029c3db-d211-42a4-b859-33238bea5a69', 'Poggle the Lesser', '183', '80', 'none', 'green', 'yellow', 'unknown', 'male', '0e3a28a2-6769-48bc-a6e0-6834138e4221', '2024-04-27 05:45:15.797098', '2024-04-27 02:45:19.409103');
INSERT INTO "Characters" ("Id", "Name", "Height", "Weight", "HairColor", "SkinColor", "EyeColor", "BirthYear", "Gender", "PlanetId", "CreatedAt", "UpdatedAt") VALUES ('f190cf14-9d34-40ff-8067-cf888fe5cda8', 'Jabba Desilijic Tiure', '175', '1,358', 'n/a', 'green-tan, brown', 'orange', '600BBY', 'hermaphrodite', '5f50b747-c822-44c0-859c-898051223b1e', '2024-04-27 05:45:15.79634', '2024-04-27 02:45:19.409062');
INSERT INTO "Characters" ("Id", "Name", "Height", "Weight", "HairColor", "SkinColor", "EyeColor", "BirthYear", "Gender", "PlanetId", "CreatedAt", "UpdatedAt") VALUES ('f1dadd78-b647-4b20-bd62-44e8b13b0ed3', 'Cordé', '157', 'unknown', 'brown', 'light', 'brown', 'unknown', 'female', '8e27130f-bde3-41e7-8ed2-1faa2e12dc36', '2024-04-27 05:45:15.797075', '2024-04-27 02:45:19.409102');
INSERT INTO "Characters" ("Id", "Name", "Height", "Weight", "HairColor", "SkinColor", "EyeColor", "BirthYear", "Gender", "PlanetId", "CreatedAt", "UpdatedAt") VALUES ('faf60823-a539-4623-aa52-ff51ffdf342b', 'Nien Nunb', '160', '68', 'none', 'grey', 'black', 'unknown', 'male', '61252101-b0f1-45a5-ace2-df46a0ff3c4a', '2024-04-27 05:45:15.796565', '2024-04-27 02:45:19.409075');
INSERT INTO "Characters" ("Id", "Name", "Height", "Weight", "HairColor", "SkinColor", "EyeColor", "BirthYear", "Gender", "PlanetId", "CreatedAt", "UpdatedAt") VALUES ('faf9bb2f-2906-49ef-b89a-e998fccd82da', 'Ayla Secura', '178', '55', 'none', 'blue', 'hazel', '48BBY', 'female', '56406485-94d0-4673-a28a-cff7647ee8bb', '2024-04-27 05:45:15.796787', '2024-04-27 02:45:19.409087');
INSERT INTO "Characters" ("Id", "Name", "Height", "Weight", "HairColor", "SkinColor", "EyeColor", "BirthYear", "Gender", "PlanetId", "CreatedAt", "UpdatedAt") VALUES ('fe8ef587-07cf-4220-9e6d-5d5492ce5144', 'Rugor Nass', '206', 'unknown', 'none', 'green', 'orange', 'unknown', 'male', '8e27130f-bde3-41e7-8ed2-1faa2e12dc36', '2024-04-27 05:45:15.796683', '2024-04-27 02:45:19.40908');


--
-- Data for Name: Movies; Type: TABLE DATA; Schema: public; Owner: postgres
--

INSERT INTO "Movies" ("Id", "Title", "Episode", "OpeningCrawl", "Director", "Producer", "ReleaseDate", "CreatedAt", "UpdatedAt") VALUES ('173fb11b-f1b0-46d3-b862-c50fefc1bd98', 'Revenge of the Sith', 3, 'War! The Republic is crumbling
under attacks by the ruthless
Sith Lord, Count Dooku.
There are heroes on both sides.
Evil is everywhere.

In a stunning move, the
fiendish droid leader, General
Grievous, has swept into the
Republic capital and kidnapped
Chancellor Palpatine, leader of
the Galactic Senate.

As the Separatist Droid Army
attempts to flee the besieged
capital with their valuable
hostage, two Jedi Knights lead a
desperate mission to rescue the
captive Chancellor....', 'George Lucas', 'Rick McCallum', '2005-05-19 00:00:00', '2024-04-27 05:45:16.329975', '2024-04-27 02:45:19.410034');
INSERT INTO "Movies" ("Id", "Title", "Episode", "OpeningCrawl", "Director", "Producer", "ReleaseDate", "CreatedAt", "UpdatedAt") VALUES ('1749246f-cd8e-4047-8411-f12c59b48465', 'The Phantom Menace', 1, 'Turmoil has engulfed the
Galactic Republic. The taxation
of trade routes to outlying star
systems is in dispute.

Hoping to resolve the matter
with a blockade of deadly
battleships, the greedy Trade
Federation has stopped all
shipping to the small planet
of Naboo.

While the Congress of the
Republic endlessly debates
this alarming chain of events,
the Supreme Chancellor has
secretly dispatched two Jedi
Knights, the guardians of
peace and justice in the
galaxy, to settle the conflict....', 'George Lucas', 'Rick McCallum', '1999-05-19 00:00:00', '2024-04-27 05:45:16.32964', '2024-04-27 02:45:19.409973');
INSERT INTO "Movies" ("Id", "Title", "Episode", "OpeningCrawl", "Director", "Producer", "ReleaseDate", "CreatedAt", "UpdatedAt") VALUES ('1c28606c-0535-4dba-897c-747af017b812', 'The Force Awakens', 7, 'Luke Skywalker has vanished.
In his absence, the sinister
FIRST ORDER has risen from
the ashes of the Empire
and will not rest until
Skywalker, the last Jedi,
has been destroyed.
 
With the support of the
REPUBLIC, General Leia Organa
leads a brave RESISTANCE.
She is desperate to find her
brother Luke and gain his
help in restoring peace and
justice to the galaxy.
 
Leia has sent her most daring
pilot on a secret mission
to Jakku, where an old ally
has discovered a clue to
Luke''s whereabouts....', 'J. J. Abrams', 'Kathleen Kennedy, J. J. Abrams, Bryan Burk', '2015-12-11 00:00:00', '2024-04-27 05:45:16.330212', '2024-04-27 02:45:19.410043');
INSERT INTO "Movies" ("Id", "Title", "Episode", "OpeningCrawl", "Director", "Producer", "ReleaseDate", "CreatedAt", "UpdatedAt") VALUES ('731fd14c-76c9-4ebf-8dbc-017442ea0eac', 'Return of the Jedi', 6, 'Luke Skywalker has returned to
his home planet of Tatooine in
an attempt to rescue his
friend Han Solo from the
clutches of the vile gangster
Jabba the Hutt.

Little does Luke know that the
GALACTIC EMPIRE has secretly
begun construction on a new
armored space station even
more powerful than the first
dreaded Death Star.

When completed, this ultimate
weapon will spell certain doom
for the small band of rebels
struggling to restore freedom
to the galaxy...', 'Richard Marquand', 'Howard G. Kazanjian, George Lucas, Rick McCallum', '1983-05-25 00:00:00', '2024-04-27 05:45:16.329497', '2024-04-27 02:45:19.409952');
INSERT INTO "Movies" ("Id", "Title", "Episode", "OpeningCrawl", "Director", "Producer", "ReleaseDate", "CreatedAt", "UpdatedAt") VALUES ('79b05aee-708d-4f48-9c27-730df27991fb', 'Attack of the Clones', 2, 'There is unrest in the Galactic
Senate. Several thousand solar
systems have declared their
intentions to leave the Republic.

This separatist movement,
under the leadership of the
mysterious Count Dooku, has
made it difficult for the limited
number of Jedi Knights to maintain 
peace and order in the galaxy.

Senator Amidala, the former
Queen of Naboo, is returning
to the Galactic Senate to vote
on the critical issue of creating
an ARMY OF THE REPUBLIC
to assist the overwhelmed
Jedi....', 'George Lucas', 'Rick McCallum', '2002-05-16 00:00:00', '2024-04-27 05:45:16.329787', '2024-04-27 02:45:19.410004');
INSERT INTO "Movies" ("Id", "Title", "Episode", "OpeningCrawl", "Director", "Producer", "ReleaseDate", "CreatedAt", "UpdatedAt") VALUES ('b76c5a9f-d7cb-45e5-bbc3-26e184acc7c9', 'A New Hope', 4, 'It is a period of civil war.
Rebel spaceships, striking
from a hidden base, have won
their first victory against
the evil Galactic Empire.

During the battle, Rebel
spies managed to steal secret
plans to the Empire''s
ultimate weapon, the DEATH
STAR, an armored space
station with enough power
to destroy an entire planet.

Pursued by the Empire''s
sinister agents, Princess
Leia races home aboard her
starship, custodian of the
stolen plans that can save her
people and restore
freedom to the galaxy....', 'George Lucas', 'Gary Kurtz, Rick McCallum', '1977-05-25 00:00:00', '2024-04-27 05:45:16.328777', '2024-04-27 02:45:19.409926');
INSERT INTO "Movies" ("Id", "Title", "Episode", "OpeningCrawl", "Director", "Producer", "ReleaseDate", "CreatedAt", "UpdatedAt") VALUES ('b788c4e9-3175-4dc1-b85f-4a55dbb0f315', 'The Empire Strikes Back', 5, 'It is a dark time for the
Rebellion. Although the Death
Star has been destroyed,
Imperial troops have driven the
Rebel forces from their hidden
base and pursued them across
the galaxy.

Evading the dreaded Imperial
Starfleet, a group of freedom
fighters led by Luke Skywalker
has established a new secret
base on the remote ice world
of Hoth.

The evil lord Darth Vader,
obsessed with finding young
Skywalker, has dispatched
thousands of remote probes into
the far reaches of space....', 'Irvin Kershner', 'Gary Kurtz, Rick McCallum', '1980-05-17 00:00:00', '2024-04-27 05:45:16.329389', '2024-04-27 02:45:19.409938');


--
-- Data for Name: CharacterMovie; Type: TABLE DATA; Schema: public; Owner: postgres
--

INSERT INTO "CharacterMovie" ("CharactersId", "MoviesId") VALUES ('00fcb1f1-4b30-493d-9b39-79088a3d3c2e', 'b788c4e9-3175-4dc1-b85f-4a55dbb0f315');
INSERT INTO "CharacterMovie" ("CharactersId", "MoviesId") VALUES ('0699c450-a0ce-469e-9e3b-7b0eb62f3742', '79b05aee-708d-4f48-9c27-730df27991fb');
INSERT INTO "CharacterMovie" ("CharactersId", "MoviesId") VALUES ('06a108ca-199e-41df-bbbc-1e72972ca6bf', '79b05aee-708d-4f48-9c27-730df27991fb');
INSERT INTO "CharacterMovie" ("CharactersId", "MoviesId") VALUES ('09e1d195-7244-43e4-bea5-b5dfa47f9ada', '173fb11b-f1b0-46d3-b862-c50fefc1bd98');
INSERT INTO "CharacterMovie" ("CharactersId", "MoviesId") VALUES ('09e1d195-7244-43e4-bea5-b5dfa47f9ada', '1749246f-cd8e-4047-8411-f12c59b48465');
INSERT INTO "CharacterMovie" ("CharactersId", "MoviesId") VALUES ('09e1d195-7244-43e4-bea5-b5dfa47f9ada', '79b05aee-708d-4f48-9c27-730df27991fb');
INSERT INTO "CharacterMovie" ("CharactersId", "MoviesId") VALUES ('0ec9bb23-1660-45cb-93fc-dfa99a6154f7', '731fd14c-76c9-4ebf-8dbc-017442ea0eac');
INSERT INTO "CharacterMovie" ("CharactersId", "MoviesId") VALUES ('0f0c6547-a943-44e1-bded-cd5d858d9827', '173fb11b-f1b0-46d3-b862-c50fefc1bd98');
INSERT INTO "CharacterMovie" ("CharactersId", "MoviesId") VALUES ('0f0c6547-a943-44e1-bded-cd5d858d9827', '1749246f-cd8e-4047-8411-f12c59b48465');
INSERT INTO "CharacterMovie" ("CharactersId", "MoviesId") VALUES ('126af908-b663-4c2f-99d7-9b478a5b095f', '79b05aee-708d-4f48-9c27-730df27991fb');
INSERT INTO "CharacterMovie" ("CharactersId", "MoviesId") VALUES ('12e04e34-5939-48a7-8c8f-e2a7921db382', 'b76c5a9f-d7cb-45e5-bbc3-26e184acc7c9');
INSERT INTO "CharacterMovie" ("CharactersId", "MoviesId") VALUES ('148abc4f-d461-4b37-8bd5-fbb14c4d3bc0', '1749246f-cd8e-4047-8411-f12c59b48465');
INSERT INTO "CharacterMovie" ("CharactersId", "MoviesId") VALUES ('176564c4-3d1d-4dc1-b382-0f8db02e02d1', '79b05aee-708d-4f48-9c27-730df27991fb');
INSERT INTO "CharacterMovie" ("CharactersId", "MoviesId") VALUES ('18b21a50-7251-4062-a0db-73b81bef321f', '173fb11b-f1b0-46d3-b862-c50fefc1bd98');
INSERT INTO "CharacterMovie" ("CharactersId", "MoviesId") VALUES ('18b21a50-7251-4062-a0db-73b81bef321f', '1c28606c-0535-4dba-897c-747af017b812');
INSERT INTO "CharacterMovie" ("CharactersId", "MoviesId") VALUES ('18b21a50-7251-4062-a0db-73b81bef321f', '731fd14c-76c9-4ebf-8dbc-017442ea0eac');
INSERT INTO "CharacterMovie" ("CharactersId", "MoviesId") VALUES ('18b21a50-7251-4062-a0db-73b81bef321f', 'b76c5a9f-d7cb-45e5-bbc3-26e184acc7c9');
INSERT INTO "CharacterMovie" ("CharactersId", "MoviesId") VALUES ('18b21a50-7251-4062-a0db-73b81bef321f', 'b788c4e9-3175-4dc1-b85f-4a55dbb0f315');
INSERT INTO "CharacterMovie" ("CharactersId", "MoviesId") VALUES ('1f3139ab-1cf9-4d45-bc35-adda2aa2a9c6', 'b788c4e9-3175-4dc1-b85f-4a55dbb0f315');
INSERT INTO "CharacterMovie" ("CharactersId", "MoviesId") VALUES ('26231e77-2d39-4775-b3ca-8308607eded1', '173fb11b-f1b0-46d3-b862-c50fefc1bd98');
INSERT INTO "CharacterMovie" ("CharactersId", "MoviesId") VALUES ('26231e77-2d39-4775-b3ca-8308607eded1', '1749246f-cd8e-4047-8411-f12c59b48465');
INSERT INTO "CharacterMovie" ("CharactersId", "MoviesId") VALUES ('26231e77-2d39-4775-b3ca-8308607eded1', '79b05aee-708d-4f48-9c27-730df27991fb');
INSERT INTO "CharacterMovie" ("CharactersId", "MoviesId") VALUES ('26677a81-b22a-498c-a37e-1a350a96a922', '79b05aee-708d-4f48-9c27-730df27991fb');
INSERT INTO "CharacterMovie" ("CharactersId", "MoviesId") VALUES ('2a1ab299-2e72-4b0e-89fe-4b5f86c55b17', '79b05aee-708d-4f48-9c27-730df27991fb');
INSERT INTO "CharacterMovie" ("CharactersId", "MoviesId") VALUES ('2ddbc433-4567-4786-a6e7-e812b0cb05f3', '173fb11b-f1b0-46d3-b862-c50fefc1bd98');
INSERT INTO "CharacterMovie" ("CharactersId", "MoviesId") VALUES ('2ddbc433-4567-4786-a6e7-e812b0cb05f3', '731fd14c-76c9-4ebf-8dbc-017442ea0eac');
INSERT INTO "CharacterMovie" ("CharactersId", "MoviesId") VALUES ('2ddbc433-4567-4786-a6e7-e812b0cb05f3', 'b76c5a9f-d7cb-45e5-bbc3-26e184acc7c9');
INSERT INTO "CharacterMovie" ("CharactersId", "MoviesId") VALUES ('2ddbc433-4567-4786-a6e7-e812b0cb05f3', 'b788c4e9-3175-4dc1-b85f-4a55dbb0f315');
INSERT INTO "CharacterMovie" ("CharactersId", "MoviesId") VALUES ('2f308770-0dc9-4d44-ad33-33cf382629ae', '731fd14c-76c9-4ebf-8dbc-017442ea0eac');
INSERT INTO "CharacterMovie" ("CharactersId", "MoviesId") VALUES ('2f308770-0dc9-4d44-ad33-33cf382629ae', '79b05aee-708d-4f48-9c27-730df27991fb');
INSERT INTO "CharacterMovie" ("CharactersId", "MoviesId") VALUES ('2f308770-0dc9-4d44-ad33-33cf382629ae', 'b788c4e9-3175-4dc1-b85f-4a55dbb0f315');
INSERT INTO "CharacterMovie" ("CharactersId", "MoviesId") VALUES ('387f8b3a-536c-4a7d-8666-db109b39ad2c', '1749246f-cd8e-4047-8411-f12c59b48465');
INSERT INTO "CharacterMovie" ("CharactersId", "MoviesId") VALUES ('38a9f362-ff12-4008-b9c8-9a5ba14e02e1', '1749246f-cd8e-4047-8411-f12c59b48465');
INSERT INTO "CharacterMovie" ("CharactersId", "MoviesId") VALUES ('3d17fb82-a1c5-4bc7-ac1c-927c86931c32', '1749246f-cd8e-4047-8411-f12c59b48465');
INSERT INTO "CharacterMovie" ("CharactersId", "MoviesId") VALUES ('3da2d5eb-5773-4e78-8369-606778ab604d', '1749246f-cd8e-4047-8411-f12c59b48465');
INSERT INTO "CharacterMovie" ("CharactersId", "MoviesId") VALUES ('3db6e3a7-3553-410c-a86d-4bacdbcef2bb', '173fb11b-f1b0-46d3-b862-c50fefc1bd98');
INSERT INTO "CharacterMovie" ("CharactersId", "MoviesId") VALUES ('3db6e3a7-3553-410c-a86d-4bacdbcef2bb', '1749246f-cd8e-4047-8411-f12c59b48465');
INSERT INTO "CharacterMovie" ("CharactersId", "MoviesId") VALUES ('3dc07b83-4de8-4b86-a1b7-09604b7913e8', '173fb11b-f1b0-46d3-b862-c50fefc1bd98');
INSERT INTO "CharacterMovie" ("CharactersId", "MoviesId") VALUES ('3dc07b83-4de8-4b86-a1b7-09604b7913e8', '79b05aee-708d-4f48-9c27-730df27991fb');
INSERT INTO "CharacterMovie" ("CharactersId", "MoviesId") VALUES ('3dc07b83-4de8-4b86-a1b7-09604b7913e8', 'b76c5a9f-d7cb-45e5-bbc3-26e184acc7c9');
INSERT INTO "CharacterMovie" ("CharactersId", "MoviesId") VALUES ('3de610de-993b-492f-9bde-6a95fac44b6c', '173fb11b-f1b0-46d3-b862-c50fefc1bd98');
INSERT INTO "CharacterMovie" ("CharactersId", "MoviesId") VALUES ('3de610de-993b-492f-9bde-6a95fac44b6c', 'b76c5a9f-d7cb-45e5-bbc3-26e184acc7c9');
INSERT INTO "CharacterMovie" ("CharactersId", "MoviesId") VALUES ('3f21a90c-32ee-45a3-8f0d-e2b9d9b5d119', '173fb11b-f1b0-46d3-b862-c50fefc1bd98');
INSERT INTO "CharacterMovie" ("CharactersId", "MoviesId") VALUES ('40af22e2-ec2f-4d36-9c78-257bbe10a831', '173fb11b-f1b0-46d3-b862-c50fefc1bd98');
INSERT INTO "CharacterMovie" ("CharactersId", "MoviesId") VALUES ('40af22e2-ec2f-4d36-9c78-257bbe10a831', '1749246f-cd8e-4047-8411-f12c59b48465');
INSERT INTO "CharacterMovie" ("CharactersId", "MoviesId") VALUES ('40af22e2-ec2f-4d36-9c78-257bbe10a831', '1c28606c-0535-4dba-897c-747af017b812');
INSERT INTO "CharacterMovie" ("CharactersId", "MoviesId") VALUES ('40af22e2-ec2f-4d36-9c78-257bbe10a831', '731fd14c-76c9-4ebf-8dbc-017442ea0eac');
INSERT INTO "CharacterMovie" ("CharactersId", "MoviesId") VALUES ('40af22e2-ec2f-4d36-9c78-257bbe10a831', '79b05aee-708d-4f48-9c27-730df27991fb');
INSERT INTO "CharacterMovie" ("CharactersId", "MoviesId") VALUES ('40af22e2-ec2f-4d36-9c78-257bbe10a831', 'b76c5a9f-d7cb-45e5-bbc3-26e184acc7c9');
INSERT INTO "CharacterMovie" ("CharactersId", "MoviesId") VALUES ('40af22e2-ec2f-4d36-9c78-257bbe10a831', 'b788c4e9-3175-4dc1-b85f-4a55dbb0f315');
INSERT INTO "CharacterMovie" ("CharactersId", "MoviesId") VALUES ('435aa73c-1e9c-4675-af13-c38ffaaf3ca9', '1749246f-cd8e-4047-8411-f12c59b48465');
INSERT INTO "CharacterMovie" ("CharactersId", "MoviesId") VALUES ('45649eed-f1be-46b6-8ba3-50727315b0e5', 'b788c4e9-3175-4dc1-b85f-4a55dbb0f315');
INSERT INTO "CharacterMovie" ("CharactersId", "MoviesId") VALUES ('4881180c-9e63-4f60-924d-40dd6101e272', '173fb11b-f1b0-46d3-b862-c50fefc1bd98');
INSERT INTO "CharacterMovie" ("CharactersId", "MoviesId") VALUES ('4881180c-9e63-4f60-924d-40dd6101e272', '79b05aee-708d-4f48-9c27-730df27991fb');
INSERT INTO "CharacterMovie" ("CharactersId", "MoviesId") VALUES ('4ddce59c-8422-41ae-8ec7-1759e36fd700', '731fd14c-76c9-4ebf-8dbc-017442ea0eac');
INSERT INTO "CharacterMovie" ("CharactersId", "MoviesId") VALUES ('531cd852-fd09-468f-a0d5-dd856b3c7002', 'b76c5a9f-d7cb-45e5-bbc3-26e184acc7c9');
INSERT INTO "CharacterMovie" ("CharactersId", "MoviesId") VALUES ('549e4d5e-eeff-4ee6-8788-3f6e2d15b98c', '1c28606c-0535-4dba-897c-747af017b812');
INSERT INTO "CharacterMovie" ("CharactersId", "MoviesId") VALUES ('585fb111-a7b8-40b4-9b57-7233d57cb6fb', '1749246f-cd8e-4047-8411-f12c59b48465');
INSERT INTO "CharacterMovie" ("CharactersId", "MoviesId") VALUES ('585fb111-a7b8-40b4-9b57-7233d57cb6fb', '79b05aee-708d-4f48-9c27-730df27991fb');
INSERT INTO "CharacterMovie" ("CharactersId", "MoviesId") VALUES ('58a79064-92ad-461b-ac79-4e365e3b21a0', '173fb11b-f1b0-46d3-b862-c50fefc1bd98');
INSERT INTO "CharacterMovie" ("CharactersId", "MoviesId") VALUES ('58a79064-92ad-461b-ac79-4e365e3b21a0', 'b76c5a9f-d7cb-45e5-bbc3-26e184acc7c9');
INSERT INTO "CharacterMovie" ("CharactersId", "MoviesId") VALUES ('5c89cf49-3e4a-4a06-8d1f-0dec386138d9', '173fb11b-f1b0-46d3-b862-c50fefc1bd98');
INSERT INTO "CharacterMovie" ("CharactersId", "MoviesId") VALUES ('5c89cf49-3e4a-4a06-8d1f-0dec386138d9', '1749246f-cd8e-4047-8411-f12c59b48465');
INSERT INTO "CharacterMovie" ("CharactersId", "MoviesId") VALUES ('5c89cf49-3e4a-4a06-8d1f-0dec386138d9', '731fd14c-76c9-4ebf-8dbc-017442ea0eac');
INSERT INTO "CharacterMovie" ("CharactersId", "MoviesId") VALUES ('5c89cf49-3e4a-4a06-8d1f-0dec386138d9', '79b05aee-708d-4f48-9c27-730df27991fb');
INSERT INTO "CharacterMovie" ("CharactersId", "MoviesId") VALUES ('5c89cf49-3e4a-4a06-8d1f-0dec386138d9', 'b76c5a9f-d7cb-45e5-bbc3-26e184acc7c9');
INSERT INTO "CharacterMovie" ("CharactersId", "MoviesId") VALUES ('5c89cf49-3e4a-4a06-8d1f-0dec386138d9', 'b788c4e9-3175-4dc1-b85f-4a55dbb0f315');
INSERT INTO "CharacterMovie" ("CharactersId", "MoviesId") VALUES ('5d10bfe7-7dbe-4ed9-baf6-642ff4983eac', '1c28606c-0535-4dba-897c-747af017b812');
INSERT INTO "CharacterMovie" ("CharactersId", "MoviesId") VALUES ('5d10bfe7-7dbe-4ed9-baf6-642ff4983eac', '731fd14c-76c9-4ebf-8dbc-017442ea0eac');
INSERT INTO "CharacterMovie" ("CharactersId", "MoviesId") VALUES ('5ee95bd9-bef2-4968-9fc4-5d01373b2cf1', '731fd14c-76c9-4ebf-8dbc-017442ea0eac');
INSERT INTO "CharacterMovie" ("CharactersId", "MoviesId") VALUES ('6527d398-1d00-4ff3-b754-cd3058937eb5', '1749246f-cd8e-4047-8411-f12c59b48465');
INSERT INTO "CharacterMovie" ("CharactersId", "MoviesId") VALUES ('6b4950b8-de98-48b6-b2c6-3e6816d3ad22', '1749246f-cd8e-4047-8411-f12c59b48465');
INSERT INTO "CharacterMovie" ("CharactersId", "MoviesId") VALUES ('71b9c6d0-0d6c-44b0-b2b7-1bf4890218bf', '173fb11b-f1b0-46d3-b862-c50fefc1bd98');
INSERT INTO "CharacterMovie" ("CharactersId", "MoviesId") VALUES ('7303b4b7-5d04-4fd5-bdda-53ec94adfc3b', '79b05aee-708d-4f48-9c27-730df27991fb');
INSERT INTO "CharacterMovie" ("CharactersId", "MoviesId") VALUES ('76c9cbbd-50b0-4992-a5c9-aff048d830f6', '731fd14c-76c9-4ebf-8dbc-017442ea0eac');
INSERT INTO "CharacterMovie" ("CharactersId", "MoviesId") VALUES ('76c9cbbd-50b0-4992-a5c9-aff048d830f6', 'b788c4e9-3175-4dc1-b85f-4a55dbb0f315');
INSERT INTO "CharacterMovie" ("CharactersId", "MoviesId") VALUES ('78f2c022-59e8-4666-b3ba-d5b7257c3981', '173fb11b-f1b0-46d3-b862-c50fefc1bd98');
INSERT INTO "CharacterMovie" ("CharactersId", "MoviesId") VALUES ('78f2c022-59e8-4666-b3ba-d5b7257c3981', '1749246f-cd8e-4047-8411-f12c59b48465');
INSERT INTO "CharacterMovie" ("CharactersId", "MoviesId") VALUES ('78f2c022-59e8-4666-b3ba-d5b7257c3981', '79b05aee-708d-4f48-9c27-730df27991fb');
INSERT INTO "CharacterMovie" ("CharactersId", "MoviesId") VALUES ('7a503832-c9a6-4585-80f7-28c5d1f1ceec', '79b05aee-708d-4f48-9c27-730df27991fb');
INSERT INTO "CharacterMovie" ("CharactersId", "MoviesId") VALUES ('85767044-e6a8-4b7e-8a48-98e3a9c625df', '173fb11b-f1b0-46d3-b862-c50fefc1bd98');
INSERT INTO "CharacterMovie" ("CharactersId", "MoviesId") VALUES ('85767044-e6a8-4b7e-8a48-98e3a9c625df', '79b05aee-708d-4f48-9c27-730df27991fb');
INSERT INTO "CharacterMovie" ("CharactersId", "MoviesId") VALUES ('89fc5736-3fce-49aa-a6c3-e8f446599473', '173fb11b-f1b0-46d3-b862-c50fefc1bd98');
INSERT INTO "CharacterMovie" ("CharactersId", "MoviesId") VALUES ('89fc5736-3fce-49aa-a6c3-e8f446599473', '1c28606c-0535-4dba-897c-747af017b812');
INSERT INTO "CharacterMovie" ("CharactersId", "MoviesId") VALUES ('89fc5736-3fce-49aa-a6c3-e8f446599473', '731fd14c-76c9-4ebf-8dbc-017442ea0eac');
INSERT INTO "CharacterMovie" ("CharactersId", "MoviesId") VALUES ('89fc5736-3fce-49aa-a6c3-e8f446599473', 'b76c5a9f-d7cb-45e5-bbc3-26e184acc7c9');
INSERT INTO "CharacterMovie" ("CharactersId", "MoviesId") VALUES ('89fc5736-3fce-49aa-a6c3-e8f446599473', 'b788c4e9-3175-4dc1-b85f-4a55dbb0f315');
INSERT INTO "CharacterMovie" ("CharactersId", "MoviesId") VALUES ('8a08864f-7088-4ff9-af91-90ac84252b0a', '1c28606c-0535-4dba-897c-747af017b812');
INSERT INTO "CharacterMovie" ("CharactersId", "MoviesId") VALUES ('8a8f7631-1b9c-4e7e-80d1-b5dfcced39f2', '1c28606c-0535-4dba-897c-747af017b812');
INSERT INTO "CharacterMovie" ("CharactersId", "MoviesId") VALUES ('8a8f7631-1b9c-4e7e-80d1-b5dfcced39f2', '731fd14c-76c9-4ebf-8dbc-017442ea0eac');
INSERT INTO "CharacterMovie" ("CharactersId", "MoviesId") VALUES ('8a8f7631-1b9c-4e7e-80d1-b5dfcced39f2', 'b76c5a9f-d7cb-45e5-bbc3-26e184acc7c9');
INSERT INTO "CharacterMovie" ("CharactersId", "MoviesId") VALUES ('8a8f7631-1b9c-4e7e-80d1-b5dfcced39f2', 'b788c4e9-3175-4dc1-b85f-4a55dbb0f315');
INSERT INTO "CharacterMovie" ("CharactersId", "MoviesId") VALUES ('8b95ccfe-36d4-4d80-a809-74ef86c6f2aa', '1749246f-cd8e-4047-8411-f12c59b48465');
INSERT INTO "CharacterMovie" ("CharactersId", "MoviesId") VALUES ('8b95ccfe-36d4-4d80-a809-74ef86c6f2aa', '79b05aee-708d-4f48-9c27-730df27991fb');
INSERT INTO "CharacterMovie" ("CharactersId", "MoviesId") VALUES ('8bbfcb10-8547-4b95-8061-0fe5459b921b', '173fb11b-f1b0-46d3-b862-c50fefc1bd98');
INSERT INTO "CharacterMovie" ("CharactersId", "MoviesId") VALUES ('8bbfcb10-8547-4b95-8061-0fe5459b921b', '1749246f-cd8e-4047-8411-f12c59b48465');
INSERT INTO "CharacterMovie" ("CharactersId", "MoviesId") VALUES ('8bbfcb10-8547-4b95-8061-0fe5459b921b', '79b05aee-708d-4f48-9c27-730df27991fb');
INSERT INTO "CharacterMovie" ("CharactersId", "MoviesId") VALUES ('8cb394a5-4f79-4e17-8d19-6238e7c10b8e', '731fd14c-76c9-4ebf-8dbc-017442ea0eac');
INSERT INTO "CharacterMovie" ("CharactersId", "MoviesId") VALUES ('8e01fbcf-cadc-4257-9299-7d1aac8fe7df', '173fb11b-f1b0-46d3-b862-c50fefc1bd98');
INSERT INTO "CharacterMovie" ("CharactersId", "MoviesId") VALUES ('8e01fbcf-cadc-4257-9299-7d1aac8fe7df', '79b05aee-708d-4f48-9c27-730df27991fb');
INSERT INTO "CharacterMovie" ("CharactersId", "MoviesId") VALUES ('8ea614fa-e1c2-4d48-b24c-d014dcc8f9de', '173fb11b-f1b0-46d3-b862-c50fefc1bd98');
INSERT INTO "CharacterMovie" ("CharactersId", "MoviesId") VALUES ('8ea614fa-e1c2-4d48-b24c-d014dcc8f9de', '1749246f-cd8e-4047-8411-f12c59b48465');
INSERT INTO "CharacterMovie" ("CharactersId", "MoviesId") VALUES ('8ea614fa-e1c2-4d48-b24c-d014dcc8f9de', '731fd14c-76c9-4ebf-8dbc-017442ea0eac');
INSERT INTO "CharacterMovie" ("CharactersId", "MoviesId") VALUES ('8ea614fa-e1c2-4d48-b24c-d014dcc8f9de', '79b05aee-708d-4f48-9c27-730df27991fb');
INSERT INTO "CharacterMovie" ("CharactersId", "MoviesId") VALUES ('8ea614fa-e1c2-4d48-b24c-d014dcc8f9de', 'b788c4e9-3175-4dc1-b85f-4a55dbb0f315');
INSERT INTO "CharacterMovie" ("CharactersId", "MoviesId") VALUES ('91a1be66-7667-410d-819f-f5bca0710018', '173fb11b-f1b0-46d3-b862-c50fefc1bd98');
INSERT INTO "CharacterMovie" ("CharactersId", "MoviesId") VALUES ('91a1be66-7667-410d-819f-f5bca0710018', '79b05aee-708d-4f48-9c27-730df27991fb');
INSERT INTO "CharacterMovie" ("CharactersId", "MoviesId") VALUES ('92902f69-806a-4e29-bb4f-0142fd2070f4', '1c28606c-0535-4dba-897c-747af017b812');
INSERT INTO "CharacterMovie" ("CharactersId", "MoviesId") VALUES ('9400a2c3-947a-4197-add5-d379720312ba', '79b05aee-708d-4f48-9c27-730df27991fb');
INSERT INTO "CharacterMovie" ("CharactersId", "MoviesId") VALUES ('94b1969b-b535-4211-b3ec-d125cfe61a9c', 'b76c5a9f-d7cb-45e5-bbc3-26e184acc7c9');
INSERT INTO "CharacterMovie" ("CharactersId", "MoviesId") VALUES ('94b36f6b-965c-47bb-b805-f9c02edf8b07', '173fb11b-f1b0-46d3-b862-c50fefc1bd98');
INSERT INTO "CharacterMovie" ("CharactersId", "MoviesId") VALUES ('94b36f6b-965c-47bb-b805-f9c02edf8b07', '79b05aee-708d-4f48-9c27-730df27991fb');
INSERT INTO "CharacterMovie" ("CharactersId", "MoviesId") VALUES ('9547147f-e22b-420d-bd62-82346f39ff86', '79b05aee-708d-4f48-9c27-730df27991fb');
INSERT INTO "CharacterMovie" ("CharactersId", "MoviesId") VALUES ('9acb2aaa-6bbb-45de-9add-ba2e06ddc584', '79b05aee-708d-4f48-9c27-730df27991fb');
INSERT INTO "CharacterMovie" ("CharactersId", "MoviesId") VALUES ('9f6003f4-a36c-45de-80e4-11ce5f604362', 'b76c5a9f-d7cb-45e5-bbc3-26e184acc7c9');
INSERT INTO "CharacterMovie" ("CharactersId", "MoviesId") VALUES ('a7bfeffa-1cb9-46cd-b978-fa660cce6186', '1749246f-cd8e-4047-8411-f12c59b48465');
INSERT INTO "CharacterMovie" ("CharactersId", "MoviesId") VALUES ('a96c89e6-103b-401e-801f-f29ba930a49e', '173fb11b-f1b0-46d3-b862-c50fefc1bd98');
INSERT INTO "CharacterMovie" ("CharactersId", "MoviesId") VALUES ('a96c89e6-103b-401e-801f-f29ba930a49e', '1749246f-cd8e-4047-8411-f12c59b48465');
INSERT INTO "CharacterMovie" ("CharactersId", "MoviesId") VALUES ('a96c89e6-103b-401e-801f-f29ba930a49e', '731fd14c-76c9-4ebf-8dbc-017442ea0eac');
INSERT INTO "CharacterMovie" ("CharactersId", "MoviesId") VALUES ('a96c89e6-103b-401e-801f-f29ba930a49e', '79b05aee-708d-4f48-9c27-730df27991fb');
INSERT INTO "CharacterMovie" ("CharactersId", "MoviesId") VALUES ('a96c89e6-103b-401e-801f-f29ba930a49e', 'b76c5a9f-d7cb-45e5-bbc3-26e184acc7c9');
INSERT INTO "CharacterMovie" ("CharactersId", "MoviesId") VALUES ('a96c89e6-103b-401e-801f-f29ba930a49e', 'b788c4e9-3175-4dc1-b85f-4a55dbb0f315');
INSERT INTO "CharacterMovie" ("CharactersId", "MoviesId") VALUES ('abafb2bf-a334-4c91-b38c-f47efdd65adc', '79b05aee-708d-4f48-9c27-730df27991fb');
INSERT INTO "CharacterMovie" ("CharactersId", "MoviesId") VALUES ('ae0d6b17-d8af-47a6-85f7-a623d49935bf', '173fb11b-f1b0-46d3-b862-c50fefc1bd98');
INSERT INTO "CharacterMovie" ("CharactersId", "MoviesId") VALUES ('ae0d6b17-d8af-47a6-85f7-a623d49935bf', '1749246f-cd8e-4047-8411-f12c59b48465');
INSERT INTO "CharacterMovie" ("CharactersId", "MoviesId") VALUES ('ae0d6b17-d8af-47a6-85f7-a623d49935bf', '731fd14c-76c9-4ebf-8dbc-017442ea0eac');
INSERT INTO "CharacterMovie" ("CharactersId", "MoviesId") VALUES ('ae0d6b17-d8af-47a6-85f7-a623d49935bf', '79b05aee-708d-4f48-9c27-730df27991fb');
INSERT INTO "CharacterMovie" ("CharactersId", "MoviesId") VALUES ('ae0d6b17-d8af-47a6-85f7-a623d49935bf', 'b788c4e9-3175-4dc1-b85f-4a55dbb0f315');
INSERT INTO "CharacterMovie" ("CharactersId", "MoviesId") VALUES ('b228c08d-4c45-4657-b355-d02da83478ac', '173fb11b-f1b0-46d3-b862-c50fefc1bd98');
INSERT INTO "CharacterMovie" ("CharactersId", "MoviesId") VALUES ('b228c08d-4c45-4657-b355-d02da83478ac', '79b05aee-708d-4f48-9c27-730df27991fb');
INSERT INTO "CharacterMovie" ("CharactersId", "MoviesId") VALUES ('b809786d-6b60-45d2-b350-bec96e2ee035', '1749246f-cd8e-4047-8411-f12c59b48465');
INSERT INTO "CharacterMovie" ("CharactersId", "MoviesId") VALUES ('b8bc1a5d-8b45-4972-94ed-af9215c67c1c', '173fb11b-f1b0-46d3-b862-c50fefc1bd98');
INSERT INTO "CharacterMovie" ("CharactersId", "MoviesId") VALUES ('b8bc1a5d-8b45-4972-94ed-af9215c67c1c', '1c28606c-0535-4dba-897c-747af017b812');
INSERT INTO "CharacterMovie" ("CharactersId", "MoviesId") VALUES ('b8bc1a5d-8b45-4972-94ed-af9215c67c1c', '731fd14c-76c9-4ebf-8dbc-017442ea0eac');
INSERT INTO "CharacterMovie" ("CharactersId", "MoviesId") VALUES ('b8bc1a5d-8b45-4972-94ed-af9215c67c1c', 'b76c5a9f-d7cb-45e5-bbc3-26e184acc7c9');
INSERT INTO "CharacterMovie" ("CharactersId", "MoviesId") VALUES ('b8bc1a5d-8b45-4972-94ed-af9215c67c1c', 'b788c4e9-3175-4dc1-b85f-4a55dbb0f315');
INSERT INTO "CharacterMovie" ("CharactersId", "MoviesId") VALUES ('bdee29e2-d6e5-4a86-926c-4b9372f33d73', '173fb11b-f1b0-46d3-b862-c50fefc1bd98');
INSERT INTO "CharacterMovie" ("CharactersId", "MoviesId") VALUES ('bdee29e2-d6e5-4a86-926c-4b9372f33d73', '1749246f-cd8e-4047-8411-f12c59b48465');
INSERT INTO "CharacterMovie" ("CharactersId", "MoviesId") VALUES ('bdee29e2-d6e5-4a86-926c-4b9372f33d73', '79b05aee-708d-4f48-9c27-730df27991fb');
INSERT INTO "CharacterMovie" ("CharactersId", "MoviesId") VALUES ('c2124fe6-94a4-456b-bec8-122aee37c9dd', '1c28606c-0535-4dba-897c-747af017b812');
INSERT INTO "CharacterMovie" ("CharactersId", "MoviesId") VALUES ('c467ef4a-dc9c-4339-8fd8-f740682cabd1', '173fb11b-f1b0-46d3-b862-c50fefc1bd98');
INSERT INTO "CharacterMovie" ("CharactersId", "MoviesId") VALUES ('c467ef4a-dc9c-4339-8fd8-f740682cabd1', '1749246f-cd8e-4047-8411-f12c59b48465');
INSERT INTO "CharacterMovie" ("CharactersId", "MoviesId") VALUES ('d21dc908-7805-4418-a31e-6c8c603b2c99', '731fd14c-76c9-4ebf-8dbc-017442ea0eac');
INSERT INTO "CharacterMovie" ("CharactersId", "MoviesId") VALUES ('d21dc908-7805-4418-a31e-6c8c603b2c99', 'b76c5a9f-d7cb-45e5-bbc3-26e184acc7c9');
INSERT INTO "CharacterMovie" ("CharactersId", "MoviesId") VALUES ('d21dc908-7805-4418-a31e-6c8c603b2c99', 'b788c4e9-3175-4dc1-b85f-4a55dbb0f315');
INSERT INTO "CharacterMovie" ("CharactersId", "MoviesId") VALUES ('da49ddd7-faf8-4746-b719-e279197700b8', '173fb11b-f1b0-46d3-b862-c50fefc1bd98');
INSERT INTO "CharacterMovie" ("CharactersId", "MoviesId") VALUES ('da49ddd7-faf8-4746-b719-e279197700b8', '1749246f-cd8e-4047-8411-f12c59b48465');
INSERT INTO "CharacterMovie" ("CharactersId", "MoviesId") VALUES ('da49ddd7-faf8-4746-b719-e279197700b8', '79b05aee-708d-4f48-9c27-730df27991fb');
INSERT INTO "CharacterMovie" ("CharactersId", "MoviesId") VALUES ('da6d4f83-c87a-4136-b9e4-4f4309795a23', '1749246f-cd8e-4047-8411-f12c59b48465');
INSERT INTO "CharacterMovie" ("CharactersId", "MoviesId") VALUES ('db73763a-3436-409f-a4b3-283152ca7cad', '1749246f-cd8e-4047-8411-f12c59b48465');
INSERT INTO "CharacterMovie" ("CharactersId", "MoviesId") VALUES ('e89c85e6-4046-40ff-a17a-2462a18f1fb3', '1c28606c-0535-4dba-897c-747af017b812');
INSERT INTO "CharacterMovie" ("CharactersId", "MoviesId") VALUES ('e975ac19-3db0-491f-8d51-91f8ea15dddc', '173fb11b-f1b0-46d3-b862-c50fefc1bd98');
INSERT INTO "CharacterMovie" ("CharactersId", "MoviesId") VALUES ('e98ce11e-422b-4307-849c-8f9aa87330be', '1749246f-cd8e-4047-8411-f12c59b48465');
INSERT INTO "CharacterMovie" ("CharactersId", "MoviesId") VALUES ('e98ce11e-422b-4307-849c-8f9aa87330be', '79b05aee-708d-4f48-9c27-730df27991fb');
INSERT INTO "CharacterMovie" ("CharactersId", "MoviesId") VALUES ('e98ecc20-c606-4a9d-be48-c97eb5a50d17', '173fb11b-f1b0-46d3-b862-c50fefc1bd98');
INSERT INTO "CharacterMovie" ("CharactersId", "MoviesId") VALUES ('e98ecc20-c606-4a9d-be48-c97eb5a50d17', '1749246f-cd8e-4047-8411-f12c59b48465');
INSERT INTO "CharacterMovie" ("CharactersId", "MoviesId") VALUES ('e98ecc20-c606-4a9d-be48-c97eb5a50d17', '79b05aee-708d-4f48-9c27-730df27991fb');
INSERT INTO "CharacterMovie" ("CharactersId", "MoviesId") VALUES ('e9cf00d5-07bd-42f1-a00f-9f2ac77db9d4', '173fb11b-f1b0-46d3-b862-c50fefc1bd98');
INSERT INTO "CharacterMovie" ("CharactersId", "MoviesId") VALUES ('e9cf00d5-07bd-42f1-a00f-9f2ac77db9d4', '79b05aee-708d-4f48-9c27-730df27991fb');
INSERT INTO "CharacterMovie" ("CharactersId", "MoviesId") VALUES ('e9cf00d5-07bd-42f1-a00f-9f2ac77db9d4', 'b76c5a9f-d7cb-45e5-bbc3-26e184acc7c9');
INSERT INTO "CharacterMovie" ("CharactersId", "MoviesId") VALUES ('ef7e8cd5-1eff-4fd9-a396-83abc888ece1', '1749246f-cd8e-4047-8411-f12c59b48465');
INSERT INTO "CharacterMovie" ("CharactersId", "MoviesId") VALUES ('ef7e8cd5-1eff-4fd9-a396-83abc888ece1', '79b05aee-708d-4f48-9c27-730df27991fb');
INSERT INTO "CharacterMovie" ("CharactersId", "MoviesId") VALUES ('f029c3db-d211-42a4-b859-33238bea5a69', '173fb11b-f1b0-46d3-b862-c50fefc1bd98');
INSERT INTO "CharacterMovie" ("CharactersId", "MoviesId") VALUES ('f029c3db-d211-42a4-b859-33238bea5a69', '79b05aee-708d-4f48-9c27-730df27991fb');
INSERT INTO "CharacterMovie" ("CharactersId", "MoviesId") VALUES ('f190cf14-9d34-40ff-8067-cf888fe5cda8', '1749246f-cd8e-4047-8411-f12c59b48465');
INSERT INTO "CharacterMovie" ("CharactersId", "MoviesId") VALUES ('f190cf14-9d34-40ff-8067-cf888fe5cda8', '731fd14c-76c9-4ebf-8dbc-017442ea0eac');
INSERT INTO "CharacterMovie" ("CharactersId", "MoviesId") VALUES ('f190cf14-9d34-40ff-8067-cf888fe5cda8', 'b76c5a9f-d7cb-45e5-bbc3-26e184acc7c9');
INSERT INTO "CharacterMovie" ("CharactersId", "MoviesId") VALUES ('f1dadd78-b647-4b20-bd62-44e8b13b0ed3', '79b05aee-708d-4f48-9c27-730df27991fb');
INSERT INTO "CharacterMovie" ("CharactersId", "MoviesId") VALUES ('faf60823-a539-4623-aa52-ff51ffdf342b', '731fd14c-76c9-4ebf-8dbc-017442ea0eac');
INSERT INTO "CharacterMovie" ("CharactersId", "MoviesId") VALUES ('faf9bb2f-2906-49ef-b89a-e998fccd82da', '173fb11b-f1b0-46d3-b862-c50fefc1bd98');
INSERT INTO "CharacterMovie" ("CharactersId", "MoviesId") VALUES ('faf9bb2f-2906-49ef-b89a-e998fccd82da', '1749246f-cd8e-4047-8411-f12c59b48465');
INSERT INTO "CharacterMovie" ("CharactersId", "MoviesId") VALUES ('faf9bb2f-2906-49ef-b89a-e998fccd82da', '79b05aee-708d-4f48-9c27-730df27991fb');
INSERT INTO "CharacterMovie" ("CharactersId", "MoviesId") VALUES ('fe8ef587-07cf-4220-9e6d-5d5492ce5144', '1749246f-cd8e-4047-8411-f12c59b48465');


--
-- Data for Name: MoviePlanet; Type: TABLE DATA; Schema: public; Owner: postgres
--

INSERT INTO "MoviePlanet" ("MoviesId", "PlanetsId") VALUES ('173fb11b-f1b0-46d3-b862-c50fefc1bd98', '09537d36-db43-4ae7-9681-c4c0e0decd1d');
INSERT INTO "MoviePlanet" ("MoviesId", "PlanetsId") VALUES ('173fb11b-f1b0-46d3-b862-c50fefc1bd98', '24daef79-4f92-49ea-8140-620f3ae06d90');
INSERT INTO "MoviePlanet" ("MoviesId", "PlanetsId") VALUES ('173fb11b-f1b0-46d3-b862-c50fefc1bd98', '26d039aa-1027-43e8-baec-f7e6ca4f8ca8');
INSERT INTO "MoviePlanet" ("MoviesId", "PlanetsId") VALUES ('173fb11b-f1b0-46d3-b862-c50fefc1bd98', '4ee7aa2c-8371-4074-8823-83415f5306a7');
INSERT INTO "MoviePlanet" ("MoviesId", "PlanetsId") VALUES ('173fb11b-f1b0-46d3-b862-c50fefc1bd98', '51f4afb7-32ef-4d8b-b642-3758d8ba12b9');
INSERT INTO "MoviePlanet" ("MoviesId", "PlanetsId") VALUES ('173fb11b-f1b0-46d3-b862-c50fefc1bd98', '7ad39b36-334e-4d91-8188-d0bd4efd28af');
INSERT INTO "MoviePlanet" ("MoviesId", "PlanetsId") VALUES ('173fb11b-f1b0-46d3-b862-c50fefc1bd98', '84b867d4-6a9b-4370-b5e7-5973c1a537f2');
INSERT INTO "MoviePlanet" ("MoviesId", "PlanetsId") VALUES ('173fb11b-f1b0-46d3-b862-c50fefc1bd98', '8e27130f-bde3-41e7-8ed2-1faa2e12dc36');
INSERT INTO "MoviePlanet" ("MoviesId", "PlanetsId") VALUES ('173fb11b-f1b0-46d3-b862-c50fefc1bd98', 'abe7426a-79c6-4a5a-9530-6d7551fdd92b');
INSERT INTO "MoviePlanet" ("MoviesId", "PlanetsId") VALUES ('173fb11b-f1b0-46d3-b862-c50fefc1bd98', 'ac534b5a-6e06-4609-a239-a6ab1926e5f2');
INSERT INTO "MoviePlanet" ("MoviesId", "PlanetsId") VALUES ('173fb11b-f1b0-46d3-b862-c50fefc1bd98', 'b26b1e40-b706-4938-9319-e574bb58ccef');
INSERT INTO "MoviePlanet" ("MoviesId", "PlanetsId") VALUES ('173fb11b-f1b0-46d3-b862-c50fefc1bd98', 'c3ade80c-33c2-4ee2-be62-87b527a33ae7');
INSERT INTO "MoviePlanet" ("MoviesId", "PlanetsId") VALUES ('173fb11b-f1b0-46d3-b862-c50fefc1bd98', 'f4a1c92e-4e38-4883-a2ae-10a1886d0964');
INSERT INTO "MoviePlanet" ("MoviesId", "PlanetsId") VALUES ('1749246f-cd8e-4047-8411-f12c59b48465', '26d039aa-1027-43e8-baec-f7e6ca4f8ca8');
INSERT INTO "MoviePlanet" ("MoviesId", "PlanetsId") VALUES ('1749246f-cd8e-4047-8411-f12c59b48465', '8e27130f-bde3-41e7-8ed2-1faa2e12dc36');
INSERT INTO "MoviePlanet" ("MoviesId", "PlanetsId") VALUES ('1749246f-cd8e-4047-8411-f12c59b48465', 'b26b1e40-b706-4938-9319-e574bb58ccef');
INSERT INTO "MoviePlanet" ("MoviesId", "PlanetsId") VALUES ('1c28606c-0535-4dba-897c-747af017b812', 'c8d9d2db-f25f-4abb-879e-339ed82827f7');
INSERT INTO "MoviePlanet" ("MoviesId", "PlanetsId") VALUES ('731fd14c-76c9-4ebf-8dbc-017442ea0eac', '26d039aa-1027-43e8-baec-f7e6ca4f8ca8');
INSERT INTO "MoviePlanet" ("MoviesId", "PlanetsId") VALUES ('731fd14c-76c9-4ebf-8dbc-017442ea0eac', '8e27130f-bde3-41e7-8ed2-1faa2e12dc36');
INSERT INTO "MoviePlanet" ("MoviesId", "PlanetsId") VALUES ('731fd14c-76c9-4ebf-8dbc-017442ea0eac', 'abe7426a-79c6-4a5a-9530-6d7551fdd92b');
INSERT INTO "MoviePlanet" ("MoviesId", "PlanetsId") VALUES ('731fd14c-76c9-4ebf-8dbc-017442ea0eac', 'b26b1e40-b706-4938-9319-e574bb58ccef');
INSERT INTO "MoviePlanet" ("MoviesId", "PlanetsId") VALUES ('731fd14c-76c9-4ebf-8dbc-017442ea0eac', 'cd9265d7-c29e-4182-8d20-90150907208d');
INSERT INTO "MoviePlanet" ("MoviesId", "PlanetsId") VALUES ('79b05aee-708d-4f48-9c27-730df27991fb', '0e3a28a2-6769-48bc-a6e0-6834138e4221');
INSERT INTO "MoviePlanet" ("MoviesId", "PlanetsId") VALUES ('79b05aee-708d-4f48-9c27-730df27991fb', '26d039aa-1027-43e8-baec-f7e6ca4f8ca8');
INSERT INTO "MoviePlanet" ("MoviesId", "PlanetsId") VALUES ('79b05aee-708d-4f48-9c27-730df27991fb', '8e27130f-bde3-41e7-8ed2-1faa2e12dc36');
INSERT INTO "MoviePlanet" ("MoviesId", "PlanetsId") VALUES ('79b05aee-708d-4f48-9c27-730df27991fb', 'a310b24c-26a5-4ee4-bf3a-5f849cdff426');
INSERT INTO "MoviePlanet" ("MoviesId", "PlanetsId") VALUES ('79b05aee-708d-4f48-9c27-730df27991fb', 'b26b1e40-b706-4938-9319-e574bb58ccef');
INSERT INTO "MoviePlanet" ("MoviesId", "PlanetsId") VALUES ('b76c5a9f-d7cb-45e5-bbc3-26e184acc7c9', '0153b067-16e4-4e4b-b96f-8e8d74774596');
INSERT INTO "MoviePlanet" ("MoviesId", "PlanetsId") VALUES ('b76c5a9f-d7cb-45e5-bbc3-26e184acc7c9', '24daef79-4f92-49ea-8140-620f3ae06d90');
INSERT INTO "MoviePlanet" ("MoviesId", "PlanetsId") VALUES ('b76c5a9f-d7cb-45e5-bbc3-26e184acc7c9', 'b26b1e40-b706-4938-9319-e574bb58ccef');
INSERT INTO "MoviePlanet" ("MoviesId", "PlanetsId") VALUES ('b788c4e9-3175-4dc1-b85f-4a55dbb0f315', '61b5b184-b92d-4a66-9a61-ae242c60ed34');
INSERT INTO "MoviePlanet" ("MoviesId", "PlanetsId") VALUES ('b788c4e9-3175-4dc1-b85f-4a55dbb0f315', '6db9cebd-59bf-4daa-9d48-0b3c46e474d9');
INSERT INTO "MoviePlanet" ("MoviesId", "PlanetsId") VALUES ('b788c4e9-3175-4dc1-b85f-4a55dbb0f315', '8d325edd-ba24-45a4-857f-ed9580dfe7f4');
INSERT INTO "MoviePlanet" ("MoviesId", "PlanetsId") VALUES ('b788c4e9-3175-4dc1-b85f-4a55dbb0f315', 'abe7426a-79c6-4a5a-9530-6d7551fdd92b');


--
-- Data for Name: Starships; Type: TABLE DATA; Schema: public; Owner: postgres
--

INSERT INTO "Starships" ("Id", "Name", "Model", "Manufacturer", "CostInCredits", "Length", "MaxSpeed", "Crew", "Passengers", "CargoCapacity", "HyperdriveRating", "MGLT", "Consumables", "Class", "CreatedAt", "UpdatedAt") VALUES ('012bc115-1665-4541-92aa-36920d817689', 'V-wing', 'Alpha-3 Nimbus-class V-wing starfighter', 'Kuat Systems Engineering', '102500', '7.9', '1050', '1', '0', '60', '1.0', '', '15 hours', 'starfighter', '2024-04-27 05:45:18.538586', '2024-04-27 02:45:19.410656');
INSERT INTO "Starships" ("Id", "Name", "Model", "Manufacturer", "CostInCredits", "Length", "MaxSpeed", "Crew", "Passengers", "CargoCapacity", "HyperdriveRating", "MGLT", "Consumables", "Class", "CreatedAt", "UpdatedAt") VALUES ('0be43dc3-959e-40e4-9bdc-aca1f40d43d8', 'Jedi Interceptor', 'Eta-2 Actis-class light interceptor', 'Kuat Systems Engineering', '320000', '5.47', '1500', '1', '0', '60', '1.0', '', '2 days', 'starfighter', '2024-04-27 05:45:18.538558', '2024-04-27 02:45:19.410655');
INSERT INTO "Starships" ("Id", "Name", "Model", "Manufacturer", "CostInCredits", "Length", "MaxSpeed", "Crew", "Passengers", "CargoCapacity", "HyperdriveRating", "MGLT", "Consumables", "Class", "CreatedAt", "UpdatedAt") VALUES ('25a12232-4f47-4363-90c0-fe300f5b526d', 'A-wing', 'RZ-1 A-wing Interceptor', 'Alliance Underground Engineering, Incom Corporation', '175000', '9.6', '1300', '1', '0', '40', '1.0', '', '1 week', 'Starfighter', '2024-04-27 05:45:18.538341', '2024-04-27 02:45:19.410649');
INSERT INTO "Starships" ("Id", "Name", "Model", "Manufacturer", "CostInCredits", "Length", "MaxSpeed", "Crew", "Passengers", "CargoCapacity", "HyperdriveRating", "MGLT", "Consumables", "Class", "CreatedAt", "UpdatedAt") VALUES ('2b4f2090-4ebf-4fbb-842e-22b2a4cd6259', 'Naboo star skiff', 'J-type star skiff', 'Theed Palace Space Vessel Engineering Corps/Nubia Star Drives, Incorporated', 'unknown', '29.2', '1050', '3', '3', 'unknown', '0.5', '', 'unknown', 'yacht', '2024-04-27 05:45:18.538551', '2024-04-27 02:45:19.410655');
INSERT INTO "Starships" ("Id", "Name", "Model", "Manufacturer", "CostInCredits", "Length", "MaxSpeed", "Crew", "Passengers", "CargoCapacity", "HyperdriveRating", "MGLT", "Consumables", "Class", "CreatedAt", "UpdatedAt") VALUES ('4646dd2a-eaae-4350-aff6-66e877e1280a', 'J-type diplomatic barge', 'J-type diplomatic barge', 'Theed Palace Space Vessel Engineering Corps, Nubia Star Drives', '2000000', '39', '2000', '5', '10', 'unknown', '0.7', '', '1 year', 'Diplomatic barge', '2024-04-27 05:45:18.538475', '2024-04-27 02:45:19.410651');
INSERT INTO "Starships" ("Id", "Name", "Model", "Manufacturer", "CostInCredits", "Length", "MaxSpeed", "Crew", "Passengers", "CargoCapacity", "HyperdriveRating", "MGLT", "Consumables", "Class", "CreatedAt", "UpdatedAt") VALUES ('4cbea3f8-32e4-4782-b943-badb947e10f9', 'Trade Federation cruiser', 'Providence-class carrier/destroyer', 'Rendili StarDrive, Free Dac Volunteers Engineering corps.', '125000000', '1088', '1050', '600', '48247', '50000000', '1.5', '', '4 years', 'capital ship', '2024-04-27 05:45:18.538519', '2024-04-27 02:45:19.410654');
INSERT INTO "Starships" ("Id", "Name", "Model", "Manufacturer", "CostInCredits", "Length", "MaxSpeed", "Crew", "Passengers", "CargoCapacity", "HyperdriveRating", "MGLT", "Consumables", "Class", "CreatedAt", "UpdatedAt") VALUES ('4f468425-f47b-4f8e-ba56-bc16c8e0451f', 'Calamari Cruiser', 'MC80 Liberty type Star Cruiser', 'Mon Calamari shipyards', '104000000', '1200', 'n/a', '5400', '1200', 'unknown', '1.0', '', '2 years', 'Star Cruiser', '2024-04-27 05:45:18.538327', '2024-04-27 02:45:19.410648');
INSERT INTO "Starships" ("Id", "Name", "Model", "Manufacturer", "CostInCredits", "Length", "MaxSpeed", "Crew", "Passengers", "CargoCapacity", "HyperdriveRating", "MGLT", "Consumables", "Class", "CreatedAt", "UpdatedAt") VALUES ('58f4f483-c968-4994-a6e1-90e5756dabcf', 'CR90 corvette', 'CR90 corvette', 'Corellian Engineering Corporation', '3500000', '150', '950', '30-165', '600', '3000000', '2.0', '', '1 year', 'corvette', '2024-04-27 05:45:18.537729', '2024-04-27 02:45:19.410638');
INSERT INTO "Starships" ("Id", "Name", "Model", "Manufacturer", "CostInCredits", "Length", "MaxSpeed", "Crew", "Passengers", "CargoCapacity", "HyperdriveRating", "MGLT", "Consumables", "Class", "CreatedAt", "UpdatedAt") VALUES ('5974a985-d00c-464a-aacd-1fac2cb6bf72', 'Republic Cruiser', 'Consular-class cruiser', 'Corellian Engineering Corporation', 'unknown', '115', '900', '9', '16', 'unknown', '2.0', '', 'unknown', 'Space cruiser', '2024-04-27 05:45:18.538374', '2024-04-27 02:45:19.410649');
INSERT INTO "Starships" ("Id", "Name", "Model", "Manufacturer", "CostInCredits", "Length", "MaxSpeed", "Crew", "Passengers", "CargoCapacity", "HyperdriveRating", "MGLT", "Consumables", "Class", "CreatedAt", "UpdatedAt") VALUES ('5b54ea4a-8d93-4921-bc68-17efddd2d59a', 'Slave 1', 'Firespray-31-class patrol and attack', 'Kuat Systems Engineering', 'unknown', '21.5', '1000', '1', '6', '70000', '3.0', '', '1 month', 'Patrol craft', '2024-04-27 05:45:18.538269', '2024-04-27 02:45:19.410647');
INSERT INTO "Starships" ("Id", "Name", "Model", "Manufacturer", "CostInCredits", "Length", "MaxSpeed", "Crew", "Passengers", "CargoCapacity", "HyperdriveRating", "MGLT", "Consumables", "Class", "CreatedAt", "UpdatedAt") VALUES ('5f9b966c-9204-4f6c-8d6e-f2ae0d0ec367', 'EF76 Nebulon-B escort frigate', 'EF76 Nebulon-B escort frigate', 'Kuat Drive Yards', '8500000', '300', '800', '854', '75', '6000000', '2.0', '', '2 years', 'Escort ship', '2024-04-27 05:45:18.538309', '2024-04-27 02:45:19.410648');
INSERT INTO "Starships" ("Id", "Name", "Model", "Manufacturer", "CostInCredits", "Length", "MaxSpeed", "Crew", "Passengers", "CargoCapacity", "HyperdriveRating", "MGLT", "Consumables", "Class", "CreatedAt", "UpdatedAt") VALUES ('6d7d107a-7b68-4398-9660-8471a4929bb0', 'Scimitar', 'Star Courier', 'Republic Sienar Systems', '55000000', '26.5', '1180', '1', '6', '2500000', '1.5', '', '30 days', 'Space Transport', '2024-04-27 05:45:18.538456', '2024-04-27 02:45:19.410651');
INSERT INTO "Starships" ("Id", "Name", "Model", "Manufacturer", "CostInCredits", "Length", "MaxSpeed", "Crew", "Passengers", "CargoCapacity", "HyperdriveRating", "MGLT", "Consumables", "Class", "CreatedAt", "UpdatedAt") VALUES ('776420c3-35f5-4c9f-96fd-81a54c2a125a', 'Belbullab-22 starfighter', 'Belbullab-22 starfighter', 'Feethan Ottraw Scalable Assemblies', '168000', '6.71', '1100', '1', '0', '140', '6', '', '7 days', 'starfighter', '2024-04-27 05:45:18.538578', '2024-04-27 02:45:19.410656');
INSERT INTO "Starships" ("Id", "Name", "Model", "Manufacturer", "CostInCredits", "Length", "MaxSpeed", "Crew", "Passengers", "CargoCapacity", "HyperdriveRating", "MGLT", "Consumables", "Class", "CreatedAt", "UpdatedAt") VALUES ('786ceb4c-cc96-443a-86a3-8b9f763fd58a', 'X-wing', 'T-70 X-wing', 'Incom Corporation', '200000', '12.49', '1100', '1', '0', '110', '1.0', '', '1 week', 'Starfighter', '2024-04-27 05:45:18.538594', '2024-04-27 02:45:19.410657');
INSERT INTO "Starships" ("Id", "Name", "Model", "Manufacturer", "CostInCredits", "Length", "MaxSpeed", "Crew", "Passengers", "CargoCapacity", "HyperdriveRating", "MGLT", "Consumables", "Class", "CreatedAt", "UpdatedAt") VALUES ('78a4d142-aec6-4554-acfe-466a85410832', 'Y-wing', 'BTL Y-wing', 'Koensayr Manufacturing', '134999', '14', '1000km', '2', '0', '110', '1.0', '', '1 week', 'assault starfighter', '2024-04-27 05:45:18.538148', '2024-04-27 02:45:19.410642');
INSERT INTO "Starships" ("Id", "Name", "Model", "Manufacturer", "CostInCredits", "Length", "MaxSpeed", "Crew", "Passengers", "CargoCapacity", "HyperdriveRating", "MGLT", "Consumables", "Class", "CreatedAt", "UpdatedAt") VALUES ('80278983-d796-46a4-b241-9c9ddfa7b5ff', 'Star Destroyer', 'Imperial I-class Star Destroyer', 'Kuat Drive Yards', '150000000', '1,600', '975', '47,060', 'n/a', '36000000', '2.0', '', '2 years', 'Star Destroyer', '2024-04-27 05:45:18.538065', '2024-04-27 02:45:19.410639');
INSERT INTO "Starships" ("Id", "Name", "Model", "Manufacturer", "CostInCredits", "Length", "MaxSpeed", "Crew", "Passengers", "CargoCapacity", "HyperdriveRating", "MGLT", "Consumables", "Class", "CreatedAt", "UpdatedAt") VALUES ('8af7af95-d1a4-446e-8efc-79ee1b2b0a32', 'Naboo fighter', 'N-1 starfighter', 'Theed Palace Space Vessel Engineering Corps', '200000', '11', '1100', '1', '0', '65', '1.0', '', '7 days', 'Starfighter', '2024-04-27 05:45:18.538416', '2024-04-27 02:45:19.410651');
INSERT INTO "Starships" ("Id", "Name", "Model", "Manufacturer", "CostInCredits", "Length", "MaxSpeed", "Crew", "Passengers", "CargoCapacity", "HyperdriveRating", "MGLT", "Consumables", "Class", "CreatedAt", "UpdatedAt") VALUES ('8d655e7f-68de-4135-900f-380e78818b4b', 'arc-170', 'Aggressive Reconnaissance-170 starfighte', 'Incom Corporation, Subpro Corporation', '155000', '14.5', '1000', '3', '0', '110', '1.0', '', '5 days', 'starfighter', '2024-04-27 05:45:18.538565', '2024-04-27 02:45:19.410655');
INSERT INTO "Starships" ("Id", "Name", "Model", "Manufacturer", "CostInCredits", "Length", "MaxSpeed", "Crew", "Passengers", "CargoCapacity", "HyperdriveRating", "MGLT", "Consumables", "Class", "CreatedAt", "UpdatedAt") VALUES ('916f79a3-d077-49ac-a6de-ddad335df8b1', 'Executor', 'Executor-class star dreadnought', 'Kuat Drive Yards, Fondor Shipyards', '1143350000', '19000', 'n/a', '279,144', '38000', '250000000', '2.0', '', '6 years', 'Star dreadnought', '2024-04-27 05:45:18.538226', '2024-04-27 02:45:19.410645');
INSERT INTO "Starships" ("Id", "Name", "Model", "Manufacturer", "CostInCredits", "Length", "MaxSpeed", "Crew", "Passengers", "CargoCapacity", "HyperdriveRating", "MGLT", "Consumables", "Class", "CreatedAt", "UpdatedAt") VALUES ('9b0fc696-3fa9-4dd7-9b9a-6dcf4be132d9', 'H-type Nubian yacht', 'H-type Nubian yacht', 'Theed Palace Space Vessel Engineering Corps', 'unknown', '47.9', '8000', '4', 'unknown', 'unknown', '0.9', '', 'unknown', 'yacht', '2024-04-27 05:45:18.538499', '2024-04-27 02:45:19.410653');
INSERT INTO "Starships" ("Id", "Name", "Model", "Manufacturer", "CostInCredits", "Length", "MaxSpeed", "Crew", "Passengers", "CargoCapacity", "HyperdriveRating", "MGLT", "Consumables", "Class", "CreatedAt", "UpdatedAt") VALUES ('a34f842f-0e6f-481a-8c42-ffa25500527e', 'AA-9 Coruscant freighter', 'Botajef AA-9 Freighter-Liner', 'Botajef Shipyards', 'unknown', '390', 'unknown', 'unknown', '30000', 'unknown', 'unknown', '', 'unknown', 'freighter', '2024-04-27 05:45:18.538483', '2024-04-27 02:45:19.410652');
INSERT INTO "Starships" ("Id", "Name", "Model", "Manufacturer", "CostInCredits", "Length", "MaxSpeed", "Crew", "Passengers", "CargoCapacity", "HyperdriveRating", "MGLT", "Consumables", "Class", "CreatedAt", "UpdatedAt") VALUES ('aff8a7ce-af8c-4a96-aba3-c30f0283b2a2', 'Droid control ship', 'Lucrehulk-class Droid Control Ship', 'Hoersch-Kessel Drive, Inc.', 'unknown', '3170', 'n/a', '175', '139000', '4000000000', '2.0', '', '500 days', 'Droid control ship', '2024-04-27 05:45:18.538391', '2024-04-27 02:45:19.41065');
INSERT INTO "Starships" ("Id", "Name", "Model", "Manufacturer", "CostInCredits", "Length", "MaxSpeed", "Crew", "Passengers", "CargoCapacity", "HyperdriveRating", "MGLT", "Consumables", "Class", "CreatedAt", "UpdatedAt") VALUES ('b440999f-25b3-42f7-90f3-ec30312b0758', 'Death Star', 'DS-1 Orbital Battle Station', 'Imperial Department of Military Research, Sienar Fleet Systems', '1000000000000', '120000', 'n/a', '342,953', '843,342', '1000000000000', '4.0', '', '3 years', 'Deep Space Mobile Battlestation', '2024-04-27 05:45:18.538103', '2024-04-27 02:45:19.41064');
INSERT INTO "Starships" ("Id", "Name", "Model", "Manufacturer", "CostInCredits", "Length", "MaxSpeed", "Crew", "Passengers", "CargoCapacity", "HyperdriveRating", "MGLT", "Consumables", "Class", "CreatedAt", "UpdatedAt") VALUES ('b60ddbce-8101-4ed7-ba5e-f6333caa81e3', 'Jedi starfighter', 'Delta-7 Aethersprite-class interceptor', 'Kuat Systems Engineering', '180000', '8', '1150', '1', '0', '60', '1.0', '', '7 days', 'Starfighter', '2024-04-27 05:45:18.53849', '2024-04-27 02:45:19.410652');
INSERT INTO "Starships" ("Id", "Name", "Model", "Manufacturer", "CostInCredits", "Length", "MaxSpeed", "Crew", "Passengers", "CargoCapacity", "HyperdriveRating", "MGLT", "Consumables", "Class", "CreatedAt", "UpdatedAt") VALUES ('b7897a34-840f-40f8-97fa-63a2eca2664f', 'Solar Sailer', 'Punworcca 116-class interstellar sloop', 'Huppla Pasa Tisc Shipwrights Collective', '35700', '15.2', '1600', '3', '11', '240', '1.5', '', '7 days', 'yacht', '2024-04-27 05:45:18.538512', '2024-04-27 02:45:19.410653');
INSERT INTO "Starships" ("Id", "Name", "Model", "Manufacturer", "CostInCredits", "Length", "MaxSpeed", "Crew", "Passengers", "CargoCapacity", "HyperdriveRating", "MGLT", "Consumables", "Class", "CreatedAt", "UpdatedAt") VALUES ('bb42dfc8-9233-461f-b183-beb0d3b46a31', 'Rebel transport', 'GR-75 medium transport', 'Gallofree Yards, Inc.', 'unknown', '90', '650', '6', '90', '19000000', '4.0', '', '6 months', 'Medium transport', '2024-04-27 05:45:18.538248', '2024-04-27 02:45:19.410646');
INSERT INTO "Starships" ("Id", "Name", "Model", "Manufacturer", "CostInCredits", "Length", "MaxSpeed", "Crew", "Passengers", "CargoCapacity", "HyperdriveRating", "MGLT", "Consumables", "Class", "CreatedAt", "UpdatedAt") VALUES ('bc5d12d7-6994-4399-84b8-90d0e202b440', 'Republic attack cruiser', 'Senator-class Star Destroyer', 'Kuat Drive Yards, Allanteen Six shipyards', '59000000', '1137', '975', '7400', '2000', '20000000', '1.0', '', '2 years', 'star destroyer', '2024-04-27 05:45:18.538541', '2024-04-27 02:45:19.410654');
INSERT INTO "Starships" ("Id", "Name", "Model", "Manufacturer", "CostInCredits", "Length", "MaxSpeed", "Crew", "Passengers", "CargoCapacity", "HyperdriveRating", "MGLT", "Consumables", "Class", "CreatedAt", "UpdatedAt") VALUES ('d70a3f58-c28f-4eec-b89c-2829d07b392b', 'Theta-class T-2c shuttle', 'Theta-class T-2c shuttle', 'Cygnus Spaceworks', '1000000', '18.5', '2000', '5', '16', '50000', '1.0', '', '56 days', 'transport', '2024-04-27 05:45:18.538526', '2024-04-27 02:45:19.410654');
INSERT INTO "Starships" ("Id", "Name", "Model", "Manufacturer", "CostInCredits", "Length", "MaxSpeed", "Crew", "Passengers", "CargoCapacity", "HyperdriveRating", "MGLT", "Consumables", "Class", "CreatedAt", "UpdatedAt") VALUES ('d7208ecc-69a4-423f-9e05-7e38f9aa33ab', 'X-wing', 'T-65 X-wing', 'Incom Corporation', '149999', '12.5', '1050', '1', '0', '110', '1.0', '', '1 week', 'Starfighter', '2024-04-27 05:45:18.538169', '2024-04-27 02:45:19.410645');
INSERT INTO "Starships" ("Id", "Name", "Model", "Manufacturer", "CostInCredits", "Length", "MaxSpeed", "Crew", "Passengers", "CargoCapacity", "HyperdriveRating", "MGLT", "Consumables", "Class", "CreatedAt", "UpdatedAt") VALUES ('d8a4661f-fa29-4e53-ab7d-1b2565d52710', 'Imperial shuttle', 'Lambda-class T-4a shuttle', 'Sienar Fleet Systems', '240000', '20', '850', '6', '20', '80000', '1.0', '', '2 months', 'Armed government transport', '2024-04-27 05:45:18.538289', '2024-04-27 02:45:19.410647');
INSERT INTO "Starships" ("Id", "Name", "Model", "Manufacturer", "CostInCredits", "Length", "MaxSpeed", "Crew", "Passengers", "CargoCapacity", "HyperdriveRating", "MGLT", "Consumables", "Class", "CreatedAt", "UpdatedAt") VALUES ('dca26110-9b4e-4dd8-bd44-47bd85d3a163', 'B-wing', 'A/SF-01 B-wing starfighter', 'Slayn & Korpil', '220000', '16.9', '950', '1', '0', '45', '2.0', '', '1 week', 'Assault Starfighter', '2024-04-27 05:45:18.538359', '2024-04-27 02:45:19.410649');
INSERT INTO "Starships" ("Id", "Name", "Model", "Manufacturer", "CostInCredits", "Length", "MaxSpeed", "Crew", "Passengers", "CargoCapacity", "HyperdriveRating", "MGLT", "Consumables", "Class", "CreatedAt", "UpdatedAt") VALUES ('e6d96323-5561-44c2-abd4-f9050ab4f43d', 'Banking clan frigte', 'Munificent-class star frigate', 'Hoersch-Kessel Drive, Inc, Gwori Revolutionary Industries', '57000000', '825', 'unknown', '200', 'unknown', '40000000', '1.0', '', '2 years', 'cruiser', '2024-04-27 05:45:18.538571', '2024-04-27 02:45:19.410656');
INSERT INTO "Starships" ("Id", "Name", "Model", "Manufacturer", "CostInCredits", "Length", "MaxSpeed", "Crew", "Passengers", "CargoCapacity", "HyperdriveRating", "MGLT", "Consumables", "Class", "CreatedAt", "UpdatedAt") VALUES ('e7337e54-1cfe-447a-9cca-ceb0b348d964', 'Sentinel-class landing craft', 'Sentinel-class landing craft', 'Sienar Fleet Systems, Cyngus Spaceworks', '240000', '38', '1000', '5', '75', '180000', '1.0', '', '1 month', 'landing craft', '2024-04-27 05:45:18.538089', '2024-04-27 02:45:19.41064');
INSERT INTO "Starships" ("Id", "Name", "Model", "Manufacturer", "CostInCredits", "Length", "MaxSpeed", "Crew", "Passengers", "CargoCapacity", "HyperdriveRating", "MGLT", "Consumables", "Class", "CreatedAt", "UpdatedAt") VALUES ('e8720b2d-870d-4a01-8121-ea92868c9269', 'Republic Assault ship', 'Acclamator I-class assault ship', 'Rothana Heavy Engineering', 'unknown', '752', 'unknown', '700', '16000', '11250000', '0.6', '', '2 years', 'assault ship', '2024-04-27 05:45:18.538505', '2024-04-27 02:45:19.410653');
INSERT INTO "Starships" ("Id", "Name", "Model", "Manufacturer", "CostInCredits", "Length", "MaxSpeed", "Crew", "Passengers", "CargoCapacity", "HyperdriveRating", "MGLT", "Consumables", "Class", "CreatedAt", "UpdatedAt") VALUES ('ef99c1e9-4798-4fae-af83-46b0b65e69b5', 'Naboo Royal Starship', 'J-type 327 Nubian royal starship', 'Theed Palace Space Vessel Engineering Corps, Nubia Star Drives', 'unknown', '76', '920', '8', 'unknown', 'unknown', '1.8', '', 'unknown', 'yacht', '2024-04-27 05:45:18.538436', '2024-04-27 02:45:19.410651');
INSERT INTO "Starships" ("Id", "Name", "Model", "Manufacturer", "CostInCredits", "Length", "MaxSpeed", "Crew", "Passengers", "CargoCapacity", "HyperdriveRating", "MGLT", "Consumables", "Class", "CreatedAt", "UpdatedAt") VALUES ('f7511ba5-6c3a-467d-ad38-fbbf577082d9', 'Millennium Falcon', 'YT-1300 light freighter', 'Corellian Engineering Corporation', '100000', '34.37', '1050', '4', '6', '100000', '0.5', '', '2 months', 'Light freighter', '2024-04-27 05:45:18.538119', '2024-04-27 02:45:19.410641');
INSERT INTO "Starships" ("Id", "Name", "Model", "Manufacturer", "CostInCredits", "Length", "MaxSpeed", "Crew", "Passengers", "CargoCapacity", "HyperdriveRating", "MGLT", "Consumables", "Class", "CreatedAt", "UpdatedAt") VALUES ('ff654f34-39a4-4d2b-a567-06071be11662', 'TIE Advanced x1', 'Twin Ion Engine Advanced x1', 'Sienar Fleet Systems', 'unknown', '9.2', '1200', '1', '0', '150', '1.0', '', '5 days', 'Starfighter', '2024-04-27 05:45:18.538203', '2024-04-27 02:45:19.410645');


--
-- Data for Name: MovieStarship; Type: TABLE DATA; Schema: public; Owner: postgres
--

INSERT INTO "MovieStarship" ("MoviesId", "StarshipsId") VALUES ('173fb11b-f1b0-46d3-b862-c50fefc1bd98', '012bc115-1665-4541-92aa-36920d817689');
INSERT INTO "MovieStarship" ("MoviesId", "StarshipsId") VALUES ('173fb11b-f1b0-46d3-b862-c50fefc1bd98', '0be43dc3-959e-40e4-9bdc-aca1f40d43d8');
INSERT INTO "MovieStarship" ("MoviesId", "StarshipsId") VALUES ('173fb11b-f1b0-46d3-b862-c50fefc1bd98', '2b4f2090-4ebf-4fbb-842e-22b2a4cd6259');
INSERT INTO "MovieStarship" ("MoviesId", "StarshipsId") VALUES ('173fb11b-f1b0-46d3-b862-c50fefc1bd98', '4cbea3f8-32e4-4782-b943-badb947e10f9');
INSERT INTO "MovieStarship" ("MoviesId", "StarshipsId") VALUES ('173fb11b-f1b0-46d3-b862-c50fefc1bd98', '58f4f483-c968-4994-a6e1-90e5756dabcf');
INSERT INTO "MovieStarship" ("MoviesId", "StarshipsId") VALUES ('173fb11b-f1b0-46d3-b862-c50fefc1bd98', '776420c3-35f5-4c9f-96fd-81a54c2a125a');
INSERT INTO "MovieStarship" ("MoviesId", "StarshipsId") VALUES ('173fb11b-f1b0-46d3-b862-c50fefc1bd98', '8d655e7f-68de-4135-900f-380e78818b4b');
INSERT INTO "MovieStarship" ("MoviesId", "StarshipsId") VALUES ('173fb11b-f1b0-46d3-b862-c50fefc1bd98', 'aff8a7ce-af8c-4a96-aba3-c30f0283b2a2');
INSERT INTO "MovieStarship" ("MoviesId", "StarshipsId") VALUES ('173fb11b-f1b0-46d3-b862-c50fefc1bd98', 'b60ddbce-8101-4ed7-ba5e-f6333caa81e3');
INSERT INTO "MovieStarship" ("MoviesId", "StarshipsId") VALUES ('173fb11b-f1b0-46d3-b862-c50fefc1bd98', 'bc5d12d7-6994-4399-84b8-90d0e202b440');
INSERT INTO "MovieStarship" ("MoviesId", "StarshipsId") VALUES ('173fb11b-f1b0-46d3-b862-c50fefc1bd98', 'd70a3f58-c28f-4eec-b89c-2829d07b392b');
INSERT INTO "MovieStarship" ("MoviesId", "StarshipsId") VALUES ('173fb11b-f1b0-46d3-b862-c50fefc1bd98', 'e6d96323-5561-44c2-abd4-f9050ab4f43d');
INSERT INTO "MovieStarship" ("MoviesId", "StarshipsId") VALUES ('1749246f-cd8e-4047-8411-f12c59b48465', '5974a985-d00c-464a-aacd-1fac2cb6bf72');
INSERT INTO "MovieStarship" ("MoviesId", "StarshipsId") VALUES ('1749246f-cd8e-4047-8411-f12c59b48465', '6d7d107a-7b68-4398-9660-8471a4929bb0');
INSERT INTO "MovieStarship" ("MoviesId", "StarshipsId") VALUES ('1749246f-cd8e-4047-8411-f12c59b48465', '8af7af95-d1a4-446e-8efc-79ee1b2b0a32');
INSERT INTO "MovieStarship" ("MoviesId", "StarshipsId") VALUES ('1749246f-cd8e-4047-8411-f12c59b48465', 'aff8a7ce-af8c-4a96-aba3-c30f0283b2a2');
INSERT INTO "MovieStarship" ("MoviesId", "StarshipsId") VALUES ('1749246f-cd8e-4047-8411-f12c59b48465', 'ef99c1e9-4798-4fae-af83-46b0b65e69b5');
INSERT INTO "MovieStarship" ("MoviesId", "StarshipsId") VALUES ('1c28606c-0535-4dba-897c-747af017b812', '786ceb4c-cc96-443a-86a3-8b9f763fd58a');
INSERT INTO "MovieStarship" ("MoviesId", "StarshipsId") VALUES ('1c28606c-0535-4dba-897c-747af017b812', 'f7511ba5-6c3a-467d-ad38-fbbf577082d9');
INSERT INTO "MovieStarship" ("MoviesId", "StarshipsId") VALUES ('731fd14c-76c9-4ebf-8dbc-017442ea0eac', '25a12232-4f47-4363-90c0-fe300f5b526d');
INSERT INTO "MovieStarship" ("MoviesId", "StarshipsId") VALUES ('731fd14c-76c9-4ebf-8dbc-017442ea0eac', '4f468425-f47b-4f8e-ba56-bc16c8e0451f');
INSERT INTO "MovieStarship" ("MoviesId", "StarshipsId") VALUES ('731fd14c-76c9-4ebf-8dbc-017442ea0eac', '58f4f483-c968-4994-a6e1-90e5756dabcf');
INSERT INTO "MovieStarship" ("MoviesId", "StarshipsId") VALUES ('731fd14c-76c9-4ebf-8dbc-017442ea0eac', '5f9b966c-9204-4f6c-8d6e-f2ae0d0ec367');
INSERT INTO "MovieStarship" ("MoviesId", "StarshipsId") VALUES ('731fd14c-76c9-4ebf-8dbc-017442ea0eac', '78a4d142-aec6-4554-acfe-466a85410832');
INSERT INTO "MovieStarship" ("MoviesId", "StarshipsId") VALUES ('731fd14c-76c9-4ebf-8dbc-017442ea0eac', '80278983-d796-46a4-b241-9c9ddfa7b5ff');
INSERT INTO "MovieStarship" ("MoviesId", "StarshipsId") VALUES ('731fd14c-76c9-4ebf-8dbc-017442ea0eac', '916f79a3-d077-49ac-a6de-ddad335df8b1');
INSERT INTO "MovieStarship" ("MoviesId", "StarshipsId") VALUES ('731fd14c-76c9-4ebf-8dbc-017442ea0eac', 'bb42dfc8-9233-461f-b183-beb0d3b46a31');
INSERT INTO "MovieStarship" ("MoviesId", "StarshipsId") VALUES ('731fd14c-76c9-4ebf-8dbc-017442ea0eac', 'd7208ecc-69a4-423f-9e05-7e38f9aa33ab');
INSERT INTO "MovieStarship" ("MoviesId", "StarshipsId") VALUES ('731fd14c-76c9-4ebf-8dbc-017442ea0eac', 'd8a4661f-fa29-4e53-ab7d-1b2565d52710');
INSERT INTO "MovieStarship" ("MoviesId", "StarshipsId") VALUES ('731fd14c-76c9-4ebf-8dbc-017442ea0eac', 'dca26110-9b4e-4dd8-bd44-47bd85d3a163');
INSERT INTO "MovieStarship" ("MoviesId", "StarshipsId") VALUES ('731fd14c-76c9-4ebf-8dbc-017442ea0eac', 'f7511ba5-6c3a-467d-ad38-fbbf577082d9');
INSERT INTO "MovieStarship" ("MoviesId", "StarshipsId") VALUES ('79b05aee-708d-4f48-9c27-730df27991fb', '4646dd2a-eaae-4350-aff6-66e877e1280a');
INSERT INTO "MovieStarship" ("MoviesId", "StarshipsId") VALUES ('79b05aee-708d-4f48-9c27-730df27991fb', '5b54ea4a-8d93-4921-bc68-17efddd2d59a');
INSERT INTO "MovieStarship" ("MoviesId", "StarshipsId") VALUES ('79b05aee-708d-4f48-9c27-730df27991fb', '8af7af95-d1a4-446e-8efc-79ee1b2b0a32');
INSERT INTO "MovieStarship" ("MoviesId", "StarshipsId") VALUES ('79b05aee-708d-4f48-9c27-730df27991fb', '9b0fc696-3fa9-4dd7-9b9a-6dcf4be132d9');
INSERT INTO "MovieStarship" ("MoviesId", "StarshipsId") VALUES ('79b05aee-708d-4f48-9c27-730df27991fb', 'a34f842f-0e6f-481a-8c42-ffa25500527e');
INSERT INTO "MovieStarship" ("MoviesId", "StarshipsId") VALUES ('79b05aee-708d-4f48-9c27-730df27991fb', 'aff8a7ce-af8c-4a96-aba3-c30f0283b2a2');
INSERT INTO "MovieStarship" ("MoviesId", "StarshipsId") VALUES ('79b05aee-708d-4f48-9c27-730df27991fb', 'b60ddbce-8101-4ed7-ba5e-f6333caa81e3');
INSERT INTO "MovieStarship" ("MoviesId", "StarshipsId") VALUES ('79b05aee-708d-4f48-9c27-730df27991fb', 'b7897a34-840f-40f8-97fa-63a2eca2664f');
INSERT INTO "MovieStarship" ("MoviesId", "StarshipsId") VALUES ('79b05aee-708d-4f48-9c27-730df27991fb', 'e8720b2d-870d-4a01-8121-ea92868c9269');
INSERT INTO "MovieStarship" ("MoviesId", "StarshipsId") VALUES ('b76c5a9f-d7cb-45e5-bbc3-26e184acc7c9', '58f4f483-c968-4994-a6e1-90e5756dabcf');
INSERT INTO "MovieStarship" ("MoviesId", "StarshipsId") VALUES ('b76c5a9f-d7cb-45e5-bbc3-26e184acc7c9', '78a4d142-aec6-4554-acfe-466a85410832');
INSERT INTO "MovieStarship" ("MoviesId", "StarshipsId") VALUES ('b76c5a9f-d7cb-45e5-bbc3-26e184acc7c9', '80278983-d796-46a4-b241-9c9ddfa7b5ff');
INSERT INTO "MovieStarship" ("MoviesId", "StarshipsId") VALUES ('b76c5a9f-d7cb-45e5-bbc3-26e184acc7c9', 'b440999f-25b3-42f7-90f3-ec30312b0758');
INSERT INTO "MovieStarship" ("MoviesId", "StarshipsId") VALUES ('b76c5a9f-d7cb-45e5-bbc3-26e184acc7c9', 'd7208ecc-69a4-423f-9e05-7e38f9aa33ab');
INSERT INTO "MovieStarship" ("MoviesId", "StarshipsId") VALUES ('b76c5a9f-d7cb-45e5-bbc3-26e184acc7c9', 'e7337e54-1cfe-447a-9cca-ceb0b348d964');
INSERT INTO "MovieStarship" ("MoviesId", "StarshipsId") VALUES ('b76c5a9f-d7cb-45e5-bbc3-26e184acc7c9', 'f7511ba5-6c3a-467d-ad38-fbbf577082d9');
INSERT INTO "MovieStarship" ("MoviesId", "StarshipsId") VALUES ('b76c5a9f-d7cb-45e5-bbc3-26e184acc7c9', 'ff654f34-39a4-4d2b-a567-06071be11662');
INSERT INTO "MovieStarship" ("MoviesId", "StarshipsId") VALUES ('b788c4e9-3175-4dc1-b85f-4a55dbb0f315', '5b54ea4a-8d93-4921-bc68-17efddd2d59a');
INSERT INTO "MovieStarship" ("MoviesId", "StarshipsId") VALUES ('b788c4e9-3175-4dc1-b85f-4a55dbb0f315', '5f9b966c-9204-4f6c-8d6e-f2ae0d0ec367');
INSERT INTO "MovieStarship" ("MoviesId", "StarshipsId") VALUES ('b788c4e9-3175-4dc1-b85f-4a55dbb0f315', '78a4d142-aec6-4554-acfe-466a85410832');
INSERT INTO "MovieStarship" ("MoviesId", "StarshipsId") VALUES ('b788c4e9-3175-4dc1-b85f-4a55dbb0f315', '80278983-d796-46a4-b241-9c9ddfa7b5ff');
INSERT INTO "MovieStarship" ("MoviesId", "StarshipsId") VALUES ('b788c4e9-3175-4dc1-b85f-4a55dbb0f315', '916f79a3-d077-49ac-a6de-ddad335df8b1');
INSERT INTO "MovieStarship" ("MoviesId", "StarshipsId") VALUES ('b788c4e9-3175-4dc1-b85f-4a55dbb0f315', 'bb42dfc8-9233-461f-b183-beb0d3b46a31');
INSERT INTO "MovieStarship" ("MoviesId", "StarshipsId") VALUES ('b788c4e9-3175-4dc1-b85f-4a55dbb0f315', 'd7208ecc-69a4-423f-9e05-7e38f9aa33ab');
INSERT INTO "MovieStarship" ("MoviesId", "StarshipsId") VALUES ('b788c4e9-3175-4dc1-b85f-4a55dbb0f315', 'd8a4661f-fa29-4e53-ab7d-1b2565d52710');
INSERT INTO "MovieStarship" ("MoviesId", "StarshipsId") VALUES ('b788c4e9-3175-4dc1-b85f-4a55dbb0f315', 'f7511ba5-6c3a-467d-ad38-fbbf577082d9');


--
-- Data for Name: Vehicles; Type: TABLE DATA; Schema: public; Owner: postgres
--

INSERT INTO "Vehicles" ("Id", "Name", "Model", "Manufacturer", "CostInCredits", "Length", "MaxSpeed", "Crew", "Passengers", "CargoCapacity", "Consumables", "Class", "CreatedAt", "UpdatedAt") VALUES ('05568c8d-a384-4c99-8a55-3b892c99bf62', 'Geonosian starfighter', 'Nantex-class territorial defense', 'Huppla Pasa Tisc Shipwrights Collective', 'unknown', '9.8', '20000', '1', '0', 'unknown', 'unknown', 'starfighter', '2024-04-27 05:45:19.407955', '2024-04-27 02:45:19.410851');
INSERT INTO "Vehicles" ("Id", "Name", "Model", "Manufacturer", "CostInCredits", "Length", "MaxSpeed", "Crew", "Passengers", "CargoCapacity", "Consumables", "Class", "CreatedAt", "UpdatedAt") VALUES ('0cd12197-69e6-44d2-a992-eb13644b4d23', 'Armored Assault Tank', 'Armoured Assault Tank', 'Baktoid Armor Workshop', 'unknown', '9.75', '55', '4', '6', 'unknown', 'unknown', 'repulsorcraft', '2024-04-27 05:45:19.407755', '2024-04-27 02:45:19.410847');
INSERT INTO "Vehicles" ("Id", "Name", "Model", "Manufacturer", "CostInCredits", "Length", "MaxSpeed", "Crew", "Passengers", "CargoCapacity", "Consumables", "Class", "CreatedAt", "UpdatedAt") VALUES ('147466ba-1201-4c0d-9e83-d6b2ffe38d80', 'TIE bomber', 'TIE/sa bomber', 'Sienar Fleet Systems', 'unknown', '7.8', '850', '1', '0', 'none', '2 days', 'space/planetary bomber', '2024-04-27 05:45:19.407582', '2024-04-27 02:45:19.410841');
INSERT INTO "Vehicles" ("Id", "Name", "Model", "Manufacturer", "CostInCredits", "Length", "MaxSpeed", "Crew", "Passengers", "CargoCapacity", "Consumables", "Class", "CreatedAt", "UpdatedAt") VALUES ('14a13eb3-5a65-4dcd-8ddb-62a34f720c1b', 'Oevvaor jet catamaran', 'Oevvaor jet catamaran', 'Appazanna Engineering Works', '12125', '15.1', '420', '2', '2', '50', '3 days', 'airspeeder', '2024-04-27 05:45:19.408013', '2024-04-27 02:45:19.410853');
INSERT INTO "Vehicles" ("Id", "Name", "Model", "Manufacturer", "CostInCredits", "Length", "MaxSpeed", "Crew", "Passengers", "CargoCapacity", "Consumables", "Class", "CreatedAt", "UpdatedAt") VALUES ('1e5ae651-721b-48da-a592-db330722b1dc', 'LAAT/c', 'Low Altitude Assault Transport/carrier', 'Rothana Heavy Engineering', 'unknown', '28.82', '620', '1', '0', '40000', 'unknown', 'gunship', '2024-04-27 05:45:19.40788', '2024-04-27 02:45:19.410849');
INSERT INTO "Vehicles" ("Id", "Name", "Model", "Manufacturer", "CostInCredits", "Length", "MaxSpeed", "Crew", "Passengers", "CargoCapacity", "Consumables", "Class", "CreatedAt", "UpdatedAt") VALUES ('23fb17ad-7212-4e8b-be1e-291cd8b37ad2', 'Sail barge', 'Modified Luxury Sail Barge', 'Ubrikkian Industries Custom Vehicle Division', '285000', '30', '100', '26', '500', '2000000', 'Live food tanks', 'sail barge', '2024-04-27 05:45:19.407656', '2024-04-27 02:45:19.410844');
INSERT INTO "Vehicles" ("Id", "Name", "Model", "Manufacturer", "CostInCredits", "Length", "MaxSpeed", "Crew", "Passengers", "CargoCapacity", "Consumables", "Class", "CreatedAt", "UpdatedAt") VALUES ('24961f5b-4557-4de6-ad86-60ac99646510', 'AT-AT', 'All Terrain Armored Transport', 'Kuat Drive Yards, Imperial Department of Military Research', 'unknown', '20', '60', '5', '40', '1000', 'unknown', 'assault walker', '2024-04-27 05:45:19.407599', '2024-04-27 02:45:19.410841');
INSERT INTO "Vehicles" ("Id", "Name", "Model", "Manufacturer", "CostInCredits", "Length", "MaxSpeed", "Crew", "Passengers", "CargoCapacity", "Consumables", "Class", "CreatedAt", "UpdatedAt") VALUES ('2bd7aa59-51c8-4476-a1f3-475726e30764', 'Corporate Alliance tank droid', 'NR-N99 Persuader-class droid enforcer', 'Techno Union', '49000', '10.96', '100', '0', '4', 'none', 'none', 'droid tank', '2024-04-27 05:45:19.408054', '2024-04-27 02:45:19.410854');
INSERT INTO "Vehicles" ("Id", "Name", "Model", "Manufacturer", "CostInCredits", "Length", "MaxSpeed", "Crew", "Passengers", "CargoCapacity", "Consumables", "Class", "CreatedAt", "UpdatedAt") VALUES ('31d2bc9c-8c35-4b05-bf70-d6c6f64d1f11', 'Storm IV Twin-Pod cloud car', 'Storm IV Twin-Pod', 'Bespin Motors', '75000', '7', '1500', '2', '0', '10', '1 day', 'repulsorcraft', '2024-04-27 05:45:19.407637', '2024-04-27 02:45:19.410844');
INSERT INTO "Vehicles" ("Id", "Name", "Model", "Manufacturer", "CostInCredits", "Length", "MaxSpeed", "Crew", "Passengers", "CargoCapacity", "Consumables", "Class", "CreatedAt", "UpdatedAt") VALUES ('43f23755-c14e-4e2f-b82d-544634fa543d', 'Tribubble bongo', 'Tribubble bongo', 'Otoh Gunga Bongameken Cooperative', 'unknown', '15', '85', '1', '2', '1600', 'unknown', 'submarine', '2024-04-27 05:45:19.407795', '2024-04-27 02:45:19.410847');
INSERT INTO "Vehicles" ("Id", "Name", "Model", "Manufacturer", "CostInCredits", "Length", "MaxSpeed", "Crew", "Passengers", "CargoCapacity", "Consumables", "Class", "CreatedAt", "UpdatedAt") VALUES ('43f4add3-7955-40ce-87ac-79fb7878e1e2', 'T-16 skyhopper', 'T-16 skyhopper', 'Incom Corporation', '14500', '10.4 ', '1200', '1', '1', '50', '0', 'repulsorcraft', '2024-04-27 05:45:19.407515', '2024-04-27 02:45:19.410839');
INSERT INTO "Vehicles" ("Id", "Name", "Model", "Manufacturer", "CostInCredits", "Length", "MaxSpeed", "Crew", "Passengers", "CargoCapacity", "Consumables", "Class", "CreatedAt", "UpdatedAt") VALUES ('47ee9967-6632-4cbd-84fd-630d30e25dd7', 'SPHA', 'Self-Propelled Heavy Artillery', 'Rothana Heavy Engineering', 'unknown', '140', '35', '25', '30', '500', '7 days', 'walker', '2024-04-27 05:45:19.40791', '2024-04-27 02:45:19.41085');
INSERT INTO "Vehicles" ("Id", "Name", "Model", "Manufacturer", "CostInCredits", "Length", "MaxSpeed", "Crew", "Passengers", "CargoCapacity", "Consumables", "Class", "CreatedAt", "UpdatedAt") VALUES ('48839dec-d1b7-41d5-954b-49b992ad7b8e', 'Vulture Droid', 'Vulture-class droid starfighter', 'Haor Chall Engineering, Baktoid Armor Workshop', 'unknown', '3.5', '1200', '0', '0', '0', 'none', 'starfighter', '2024-04-27 05:45:19.407711', '2024-04-27 02:45:19.410846');
INSERT INTO "Vehicles" ("Id", "Name", "Model", "Manufacturer", "CostInCredits", "Length", "MaxSpeed", "Crew", "Passengers", "CargoCapacity", "Consumables", "Class", "CreatedAt", "UpdatedAt") VALUES ('49d7d502-fa02-4d6c-8e28-dacc196f5001', 'XJ-6 airspeeder', 'XJ-6 airspeeder', 'Narglatch AirTech prefabricated kit', 'unknown', '6.23', '720', '1', '1', 'unknown', 'unknown', 'airspeeder', '2024-04-27 05:45:19.407846', '2024-04-27 02:45:19.410849');
INSERT INTO "Vehicles" ("Id", "Name", "Model", "Manufacturer", "CostInCredits", "Length", "MaxSpeed", "Crew", "Passengers", "CargoCapacity", "Consumables", "Class", "CreatedAt", "UpdatedAt") VALUES ('52684fd2-2905-42ee-b183-d3d5edd8b8f2', 'Snowspeeder', 't-47 airspeeder', 'Incom corporation', 'unknown', '4.5', '650', '2', '0', '10', 'none', 'airspeeder', '2024-04-27 05:45:19.407569', '2024-04-27 02:45:19.41084');
INSERT INTO "Vehicles" ("Id", "Name", "Model", "Manufacturer", "CostInCredits", "Length", "MaxSpeed", "Crew", "Passengers", "CargoCapacity", "Consumables", "Class", "CreatedAt", "UpdatedAt") VALUES ('58d5dbfb-1488-4b5a-9d17-b9c05ae53ce3', 'Droid gunship', 'HMP droid gunship', 'Baktoid Fleet Ordnance, Haor Chall Engineering', '60000', '12.3', '820', '0', '0', '0', 'none', 'airspeeder', '2024-04-27 05:45:19.408067', '2024-04-27 02:45:19.410854');
INSERT INTO "Vehicles" ("Id", "Name", "Model", "Manufacturer", "CostInCredits", "Length", "MaxSpeed", "Crew", "Passengers", "CargoCapacity", "Consumables", "Class", "CreatedAt", "UpdatedAt") VALUES ('5a0a6c4d-a9f0-4de3-ad03-f84a39bfe70f', 'Sand Crawler', 'Digger Crawler', 'Corellia Mining Corporation', '150000', '36.8 ', '30', '46', '30', '50000', '2 months', 'wheeled', '2024-04-27 05:45:19.407309', '2024-04-27 02:45:19.410838');
INSERT INTO "Vehicles" ("Id", "Name", "Model", "Manufacturer", "CostInCredits", "Length", "MaxSpeed", "Crew", "Passengers", "CargoCapacity", "Consumables", "Class", "CreatedAt", "UpdatedAt") VALUES ('5a39c278-d71c-4c37-875e-393922a8569d', 'X-34 landspeeder', 'X-34 landspeeder', 'SoroSuub Corporation', '10550', '3.4 ', '250', '1', '1', '5', 'unknown', 'repulsorcraft', '2024-04-27 05:45:19.40753', '2024-04-27 02:45:19.410839');
INSERT INTO "Vehicles" ("Id", "Name", "Model", "Manufacturer", "CostInCredits", "Length", "MaxSpeed", "Crew", "Passengers", "CargoCapacity", "Consumables", "Class", "CreatedAt", "UpdatedAt") VALUES ('71627c2c-68c6-4b3a-a68f-11a2b82d6f47', 'AT-ST', 'All Terrain Scout Transport', 'Kuat Drive Yards, Imperial Department of Military Research', 'unknown', '2', '90', '2', '0', '200', 'none', 'walker', '2024-04-27 05:45:19.407616', '2024-04-27 02:45:19.410844');
INSERT INTO "Vehicles" ("Id", "Name", "Model", "Manufacturer", "CostInCredits", "Length", "MaxSpeed", "Crew", "Passengers", "CargoCapacity", "Consumables", "Class", "CreatedAt", "UpdatedAt") VALUES ('769388a9-56d5-4314-bdd1-c3954da3ca80', 'Raddaugh Gnasp fluttercraft', 'Raddaugh Gnasp fluttercraft', 'Appazanna Engineering Works', '14750', '7', '310', '2', '0', '20', 'none', 'air speeder', '2024-04-27 05:45:19.408026', '2024-04-27 02:45:19.410853');
INSERT INTO "Vehicles" ("Id", "Name", "Model", "Manufacturer", "CostInCredits", "Length", "MaxSpeed", "Crew", "Passengers", "CargoCapacity", "Consumables", "Class", "CreatedAt", "UpdatedAt") VALUES ('7a07ee4f-cb3f-445e-90e0-b1e9a46c4f91', 'Flitknot speeder', 'Flitknot speeder', 'Huppla Pasa Tisc Shipwrights Collective', '8000', '2', '634', '1', '0', 'unknown', 'unknown', 'speeder', '2024-04-27 05:45:19.407923', '2024-04-27 02:45:19.410851');
INSERT INTO "Vehicles" ("Id", "Name", "Model", "Manufacturer", "CostInCredits", "Length", "MaxSpeed", "Crew", "Passengers", "CargoCapacity", "Consumables", "Class", "CreatedAt", "UpdatedAt") VALUES ('804ccc91-bf31-4b8a-98a3-021e265266ba', 'C-9979 landing craft', 'C-9979 landing craft', 'Haor Chall Engineering', '200000', '210', '587', '140', '284', '1800000', '1 day', 'landing craft', '2024-04-27 05:45:19.407782', '2024-04-27 02:45:19.410847');
INSERT INTO "Vehicles" ("Id", "Name", "Model", "Manufacturer", "CostInCredits", "Length", "MaxSpeed", "Crew", "Passengers", "CargoCapacity", "Consumables", "Class", "CreatedAt", "UpdatedAt") VALUES ('80a93132-de92-4227-92c0-7f8913f3e506', 'Emergency Firespeeder', 'Fire suppression speeder', 'unknown', 'unknown', 'unknown', 'unknown', '2', 'unknown', 'unknown', 'unknown', 'fire suppression ship', '2024-04-27 05:45:19.407983', '2024-04-27 02:45:19.410852');
INSERT INTO "Vehicles" ("Id", "Name", "Model", "Manufacturer", "CostInCredits", "Length", "MaxSpeed", "Crew", "Passengers", "CargoCapacity", "Consumables", "Class", "CreatedAt", "UpdatedAt") VALUES ('8397dc39-9f8c-4198-86e6-bc9d698123ee', 'Imperial Speeder Bike', '74-Z speeder bike', 'Aratech Repulsor Company', '8000', '3', '360', '1', '1', '4', '1 day', 'speeder', '2024-04-27 05:45:19.407698', '2024-04-27 02:45:19.410845');
INSERT INTO "Vehicles" ("Id", "Name", "Model", "Manufacturer", "CostInCredits", "Length", "MaxSpeed", "Crew", "Passengers", "CargoCapacity", "Consumables", "Class", "CreatedAt", "UpdatedAt") VALUES ('861b8354-d8d1-479f-8402-6045ca400a63', 'LAAT/i', 'Low Altitude Assault Transport/infrantry', 'Rothana Heavy Engineering', 'unknown', '17.4', '620', '6', '30', '170', 'unknown', 'gunship', '2024-04-27 05:45:19.407858', '2024-04-27 02:45:19.410849');
INSERT INTO "Vehicles" ("Id", "Name", "Model", "Manufacturer", "CostInCredits", "Length", "MaxSpeed", "Crew", "Passengers", "CargoCapacity", "Consumables", "Class", "CreatedAt", "UpdatedAt") VALUES ('8d7d76fc-b9ad-4c6b-b97e-f4202bbc097a', 'AT-RT', 'All Terrain Recon Transport', 'Kuat Drive Yards', '40000', '3.2', '90', '1', '0', '20', '1 day', 'walker', '2024-04-27 05:45:19.408082', '2024-04-27 02:45:19.410854');
INSERT INTO "Vehicles" ("Id", "Name", "Model", "Manufacturer", "CostInCredits", "Length", "MaxSpeed", "Crew", "Passengers", "CargoCapacity", "Consumables", "Class", "CreatedAt", "UpdatedAt") VALUES ('9f373b7b-b04d-4506-8e4c-5dff7ce285cc', 'Bantha-II cargo skiff', 'Bantha-II', 'Ubrikkian Industries', '8000', '9.5', '250', '5', '16', '135000', '1 day', 'repulsorcraft cargo skiff', '2024-04-27 05:45:19.40767', '2024-04-27 02:45:19.410845');
INSERT INTO "Vehicles" ("Id", "Name", "Model", "Manufacturer", "CostInCredits", "Length", "MaxSpeed", "Crew", "Passengers", "CargoCapacity", "Consumables", "Class", "CreatedAt", "UpdatedAt") VALUES ('9f3fc037-bc70-4c29-b294-84730bdd9d49', 'Sith speeder', 'FC-20 speeder bike', 'Razalon', '4000', '1.5', '180', '1', '0', '2', 'unknown', 'speeder', '2024-04-27 05:45:19.407807', '2024-04-27 02:45:19.410848');
INSERT INTO "Vehicles" ("Id", "Name", "Model", "Manufacturer", "CostInCredits", "Length", "MaxSpeed", "Crew", "Passengers", "CargoCapacity", "Consumables", "Class", "CreatedAt", "UpdatedAt") VALUES ('a0f31652-44f8-4397-8269-a1ab14bc3790', 'TIE/IN interceptor', 'Twin Ion Engine Interceptor', 'Sienar Fleet Systems', 'unknown', '9.6', '1250', '1', '0', '75', '2 days', 'starfighter', '2024-04-27 05:45:19.407684', '2024-04-27 02:45:19.410845');
INSERT INTO "Vehicles" ("Id", "Name", "Model", "Manufacturer", "CostInCredits", "Length", "MaxSpeed", "Crew", "Passengers", "CargoCapacity", "Consumables", "Class", "CreatedAt", "UpdatedAt") VALUES ('b26feac7-994e-49de-81af-c32c93db0453', 'Tsmeu-6 personal wheel bike', 'Tsmeu-6 personal wheel bike', 'Z-Gomot Ternbuell Guppat Corporation', '15000', '3.5', '330', '1', '1', '10', 'none', 'wheeled walker', '2024-04-27 05:45:19.407969', '2024-04-27 02:45:19.410852');
INSERT INTO "Vehicles" ("Id", "Name", "Model", "Manufacturer", "CostInCredits", "Length", "MaxSpeed", "Crew", "Passengers", "CargoCapacity", "Consumables", "Class", "CreatedAt", "UpdatedAt") VALUES ('b4983076-1ea6-4ff9-b011-9be68ec959a5', 'TIE/LN starfighter', 'Twin Ion Engine/Ln Starfighter', 'Sienar Fleet Systems', 'unknown', '6.4', '1200', '1', '0', '65', '2 days', 'starfighter', '2024-04-27 05:45:19.407545', '2024-04-27 02:45:19.41084');
INSERT INTO "Vehicles" ("Id", "Name", "Model", "Manufacturer", "CostInCredits", "Length", "MaxSpeed", "Crew", "Passengers", "CargoCapacity", "Consumables", "Class", "CreatedAt", "UpdatedAt") VALUES ('cd5f1d03-177c-40ce-bb96-09ee36da014e', 'Clone turbo tank', 'HAVw A6 Juggernaut', 'Kuat Drive Yards', '350000', '49.4', '160', '20', '300', '30000', '20 days', 'wheeled walker', '2024-04-27 05:45:19.408041', '2024-04-27 02:45:19.410853');
INSERT INTO "Vehicles" ("Id", "Name", "Model", "Manufacturer", "CostInCredits", "Length", "MaxSpeed", "Crew", "Passengers", "CargoCapacity", "Consumables", "Class", "CreatedAt", "UpdatedAt") VALUES ('cd640513-0308-4e21-aa55-63410d9a7d8c', 'Single Trooper Aerial Platform', 'Single Trooper Aerial Platform', 'Baktoid Armor Workshop', '2500', '2', '400', '1', '0', 'none', 'none', 'repulsorcraft', '2024-04-27 05:45:19.40777', '2024-04-27 02:45:19.410847');
INSERT INTO "Vehicles" ("Id", "Name", "Model", "Manufacturer", "CostInCredits", "Length", "MaxSpeed", "Crew", "Passengers", "CargoCapacity", "Consumables", "Class", "CreatedAt", "UpdatedAt") VALUES ('d050cbd1-621a-4999-85a9-82681388ebd0', 'Droid tri-fighter', 'tri-fighter', 'Colla Designs, Phlac-Arphocc Automata Industries', '20000', '5.4', '1180', '1', '0', '0', 'none', 'droid starfighter', '2024-04-27 05:45:19.407998', '2024-04-27 02:45:19.410852');
INSERT INTO "Vehicles" ("Id", "Name", "Model", "Manufacturer", "CostInCredits", "Length", "MaxSpeed", "Crew", "Passengers", "CargoCapacity", "Consumables", "Class", "CreatedAt", "UpdatedAt") VALUES ('d557aa55-95a4-4e38-b0af-e7bbb995d07a', 'AT-TE', 'All Terrain Tactical Enforcer', 'Rothana Heavy Engineering, Kuat Drive Yards', 'unknown', '13.2', '60', '6', '36', '10000', '21 days', 'walker', '2024-04-27 05:45:19.407893', '2024-04-27 02:45:19.41085');
INSERT INTO "Vehicles" ("Id", "Name", "Model", "Manufacturer", "CostInCredits", "Length", "MaxSpeed", "Crew", "Passengers", "CargoCapacity", "Consumables", "Class", "CreatedAt", "UpdatedAt") VALUES ('d8be3895-0d78-4c87-9e3b-6380b2d061c2', 'Zephyr-G swoop bike', 'Zephyr-G swoop bike', 'Mobquet Swoops and Speeders', '5750', '3.68', '350', '1', '1', '200', 'none', 'repulsorcraft', '2024-04-27 05:45:19.40782', '2024-04-27 02:45:19.410848');
INSERT INTO "Vehicles" ("Id", "Name", "Model", "Manufacturer", "CostInCredits", "Length", "MaxSpeed", "Crew", "Passengers", "CargoCapacity", "Consumables", "Class", "CreatedAt", "UpdatedAt") VALUES ('f733a480-9450-4f9e-8fb8-5f9a8a5c0ab0', 'Multi-Troop Transport', 'Multi-Troop Transport', 'Baktoid Armor Workshop', '138000', '31', '35', '4', '112', '12000', 'unknown', 'repulsorcraft', '2024-04-27 05:45:19.407739', '2024-04-27 02:45:19.410846');
INSERT INTO "Vehicles" ("Id", "Name", "Model", "Manufacturer", "CostInCredits", "Length", "MaxSpeed", "Crew", "Passengers", "CargoCapacity", "Consumables", "Class", "CreatedAt", "UpdatedAt") VALUES ('f7e3b41d-500a-4829-ad09-f2964b8f52fb', 'Neimoidian shuttle', 'Sheathipede-class transport shuttle', 'Haor Chall Engineering', 'unknown', '20', '880', '2', '6', '1000', '7 days', 'transport', '2024-04-27 05:45:19.407936', '2024-04-27 02:45:19.410851');
INSERT INTO "Vehicles" ("Id", "Name", "Model", "Manufacturer", "CostInCredits", "Length", "MaxSpeed", "Crew", "Passengers", "CargoCapacity", "Consumables", "Class", "CreatedAt", "UpdatedAt") VALUES ('fc519c25-d4a6-400a-8e4d-211acf6f735d', 'Koro-2 Exodrive airspeeder', 'Koro-2 Exodrive airspeeder', 'Desler Gizh Outworld Mobility Corporation', 'unknown', '6.6', '800', '1', '1', '80', 'unknown', 'airspeeder', '2024-04-27 05:45:19.407833', '2024-04-27 02:45:19.410848');


--
-- Data for Name: MovieVehicle; Type: TABLE DATA; Schema: public; Owner: postgres
--

INSERT INTO "MovieVehicle" ("MoviesId", "VehiclesId") VALUES ('173fb11b-f1b0-46d3-b862-c50fefc1bd98', '14a13eb3-5a65-4dcd-8ddb-62a34f720c1b');
INSERT INTO "MovieVehicle" ("MoviesId", "VehiclesId") VALUES ('173fb11b-f1b0-46d3-b862-c50fefc1bd98', '2bd7aa59-51c8-4476-a1f3-475726e30764');
INSERT INTO "MovieVehicle" ("MoviesId", "VehiclesId") VALUES ('173fb11b-f1b0-46d3-b862-c50fefc1bd98', '48839dec-d1b7-41d5-954b-49b992ad7b8e');
INSERT INTO "MovieVehicle" ("MoviesId", "VehiclesId") VALUES ('173fb11b-f1b0-46d3-b862-c50fefc1bd98', '58d5dbfb-1488-4b5a-9d17-b9c05ae53ce3');
INSERT INTO "MovieVehicle" ("MoviesId", "VehiclesId") VALUES ('173fb11b-f1b0-46d3-b862-c50fefc1bd98', '769388a9-56d5-4314-bdd1-c3954da3ca80');
INSERT INTO "MovieVehicle" ("MoviesId", "VehiclesId") VALUES ('173fb11b-f1b0-46d3-b862-c50fefc1bd98', '80a93132-de92-4227-92c0-7f8913f3e506');
INSERT INTO "MovieVehicle" ("MoviesId", "VehiclesId") VALUES ('173fb11b-f1b0-46d3-b862-c50fefc1bd98', '861b8354-d8d1-479f-8402-6045ca400a63');
INSERT INTO "MovieVehicle" ("MoviesId", "VehiclesId") VALUES ('173fb11b-f1b0-46d3-b862-c50fefc1bd98', '8d7d76fc-b9ad-4c6b-b97e-f4202bbc097a');
INSERT INTO "MovieVehicle" ("MoviesId", "VehiclesId") VALUES ('173fb11b-f1b0-46d3-b862-c50fefc1bd98', 'b26feac7-994e-49de-81af-c32c93db0453');
INSERT INTO "MovieVehicle" ("MoviesId", "VehiclesId") VALUES ('173fb11b-f1b0-46d3-b862-c50fefc1bd98', 'cd5f1d03-177c-40ce-bb96-09ee36da014e');
INSERT INTO "MovieVehicle" ("MoviesId", "VehiclesId") VALUES ('173fb11b-f1b0-46d3-b862-c50fefc1bd98', 'd050cbd1-621a-4999-85a9-82681388ebd0');
INSERT INTO "MovieVehicle" ("MoviesId", "VehiclesId") VALUES ('173fb11b-f1b0-46d3-b862-c50fefc1bd98', 'd557aa55-95a4-4e38-b0af-e7bbb995d07a');
INSERT INTO "MovieVehicle" ("MoviesId", "VehiclesId") VALUES ('173fb11b-f1b0-46d3-b862-c50fefc1bd98', 'f7e3b41d-500a-4829-ad09-f2964b8f52fb');
INSERT INTO "MovieVehicle" ("MoviesId", "VehiclesId") VALUES ('1749246f-cd8e-4047-8411-f12c59b48465', '0cd12197-69e6-44d2-a992-eb13644b4d23');
INSERT INTO "MovieVehicle" ("MoviesId", "VehiclesId") VALUES ('1749246f-cd8e-4047-8411-f12c59b48465', '43f23755-c14e-4e2f-b82d-544634fa543d');
INSERT INTO "MovieVehicle" ("MoviesId", "VehiclesId") VALUES ('1749246f-cd8e-4047-8411-f12c59b48465', '48839dec-d1b7-41d5-954b-49b992ad7b8e');
INSERT INTO "MovieVehicle" ("MoviesId", "VehiclesId") VALUES ('1749246f-cd8e-4047-8411-f12c59b48465', '804ccc91-bf31-4b8a-98a3-021e265266ba');
INSERT INTO "MovieVehicle" ("MoviesId", "VehiclesId") VALUES ('1749246f-cd8e-4047-8411-f12c59b48465', '9f3fc037-bc70-4c29-b294-84730bdd9d49');
INSERT INTO "MovieVehicle" ("MoviesId", "VehiclesId") VALUES ('1749246f-cd8e-4047-8411-f12c59b48465', 'cd640513-0308-4e21-aa55-63410d9a7d8c');
INSERT INTO "MovieVehicle" ("MoviesId", "VehiclesId") VALUES ('1749246f-cd8e-4047-8411-f12c59b48465', 'f733a480-9450-4f9e-8fb8-5f9a8a5c0ab0');
INSERT INTO "MovieVehicle" ("MoviesId", "VehiclesId") VALUES ('731fd14c-76c9-4ebf-8dbc-017442ea0eac', '147466ba-1201-4c0d-9e83-d6b2ffe38d80');
INSERT INTO "MovieVehicle" ("MoviesId", "VehiclesId") VALUES ('731fd14c-76c9-4ebf-8dbc-017442ea0eac', '23fb17ad-7212-4e8b-be1e-291cd8b37ad2');
INSERT INTO "MovieVehicle" ("MoviesId", "VehiclesId") VALUES ('731fd14c-76c9-4ebf-8dbc-017442ea0eac', '24961f5b-4557-4de6-ad86-60ac99646510');
INSERT INTO "MovieVehicle" ("MoviesId", "VehiclesId") VALUES ('731fd14c-76c9-4ebf-8dbc-017442ea0eac', '71627c2c-68c6-4b3a-a68f-11a2b82d6f47');
INSERT INTO "MovieVehicle" ("MoviesId", "VehiclesId") VALUES ('731fd14c-76c9-4ebf-8dbc-017442ea0eac', '8397dc39-9f8c-4198-86e6-bc9d698123ee');
INSERT INTO "MovieVehicle" ("MoviesId", "VehiclesId") VALUES ('731fd14c-76c9-4ebf-8dbc-017442ea0eac', '9f373b7b-b04d-4506-8e4c-5dff7ce285cc');
INSERT INTO "MovieVehicle" ("MoviesId", "VehiclesId") VALUES ('731fd14c-76c9-4ebf-8dbc-017442ea0eac', 'a0f31652-44f8-4397-8269-a1ab14bc3790');
INSERT INTO "MovieVehicle" ("MoviesId", "VehiclesId") VALUES ('731fd14c-76c9-4ebf-8dbc-017442ea0eac', 'b4983076-1ea6-4ff9-b011-9be68ec959a5');
INSERT INTO "MovieVehicle" ("MoviesId", "VehiclesId") VALUES ('79b05aee-708d-4f48-9c27-730df27991fb', '05568c8d-a384-4c99-8a55-3b892c99bf62');
INSERT INTO "MovieVehicle" ("MoviesId", "VehiclesId") VALUES ('79b05aee-708d-4f48-9c27-730df27991fb', '1e5ae651-721b-48da-a592-db330722b1dc');
INSERT INTO "MovieVehicle" ("MoviesId", "VehiclesId") VALUES ('79b05aee-708d-4f48-9c27-730df27991fb', '47ee9967-6632-4cbd-84fd-630d30e25dd7');
INSERT INTO "MovieVehicle" ("MoviesId", "VehiclesId") VALUES ('79b05aee-708d-4f48-9c27-730df27991fb', '49d7d502-fa02-4d6c-8e28-dacc196f5001');
INSERT INTO "MovieVehicle" ("MoviesId", "VehiclesId") VALUES ('79b05aee-708d-4f48-9c27-730df27991fb', '5a0a6c4d-a9f0-4de3-ad03-f84a39bfe70f');
INSERT INTO "MovieVehicle" ("MoviesId", "VehiclesId") VALUES ('79b05aee-708d-4f48-9c27-730df27991fb', '7a07ee4f-cb3f-445e-90e0-b1e9a46c4f91');
INSERT INTO "MovieVehicle" ("MoviesId", "VehiclesId") VALUES ('79b05aee-708d-4f48-9c27-730df27991fb', '861b8354-d8d1-479f-8402-6045ca400a63');
INSERT INTO "MovieVehicle" ("MoviesId", "VehiclesId") VALUES ('79b05aee-708d-4f48-9c27-730df27991fb', 'd557aa55-95a4-4e38-b0af-e7bbb995d07a');
INSERT INTO "MovieVehicle" ("MoviesId", "VehiclesId") VALUES ('79b05aee-708d-4f48-9c27-730df27991fb', 'd8be3895-0d78-4c87-9e3b-6380b2d061c2');
INSERT INTO "MovieVehicle" ("MoviesId", "VehiclesId") VALUES ('79b05aee-708d-4f48-9c27-730df27991fb', 'f7e3b41d-500a-4829-ad09-f2964b8f52fb');
INSERT INTO "MovieVehicle" ("MoviesId", "VehiclesId") VALUES ('79b05aee-708d-4f48-9c27-730df27991fb', 'fc519c25-d4a6-400a-8e4d-211acf6f735d');
INSERT INTO "MovieVehicle" ("MoviesId", "VehiclesId") VALUES ('b76c5a9f-d7cb-45e5-bbc3-26e184acc7c9', '43f4add3-7955-40ce-87ac-79fb7878e1e2');
INSERT INTO "MovieVehicle" ("MoviesId", "VehiclesId") VALUES ('b76c5a9f-d7cb-45e5-bbc3-26e184acc7c9', '5a0a6c4d-a9f0-4de3-ad03-f84a39bfe70f');
INSERT INTO "MovieVehicle" ("MoviesId", "VehiclesId") VALUES ('b76c5a9f-d7cb-45e5-bbc3-26e184acc7c9', '5a39c278-d71c-4c37-875e-393922a8569d');
INSERT INTO "MovieVehicle" ("MoviesId", "VehiclesId") VALUES ('b76c5a9f-d7cb-45e5-bbc3-26e184acc7c9', 'b4983076-1ea6-4ff9-b011-9be68ec959a5');
INSERT INTO "MovieVehicle" ("MoviesId", "VehiclesId") VALUES ('b788c4e9-3175-4dc1-b85f-4a55dbb0f315', '147466ba-1201-4c0d-9e83-d6b2ffe38d80');
INSERT INTO "MovieVehicle" ("MoviesId", "VehiclesId") VALUES ('b788c4e9-3175-4dc1-b85f-4a55dbb0f315', '24961f5b-4557-4de6-ad86-60ac99646510');
INSERT INTO "MovieVehicle" ("MoviesId", "VehiclesId") VALUES ('b788c4e9-3175-4dc1-b85f-4a55dbb0f315', '31d2bc9c-8c35-4b05-bf70-d6c6f64d1f11');
INSERT INTO "MovieVehicle" ("MoviesId", "VehiclesId") VALUES ('b788c4e9-3175-4dc1-b85f-4a55dbb0f315', '52684fd2-2905-42ee-b183-d3d5edd8b8f2');
INSERT INTO "MovieVehicle" ("MoviesId", "VehiclesId") VALUES ('b788c4e9-3175-4dc1-b85f-4a55dbb0f315', '71627c2c-68c6-4b3a-a68f-11a2b82d6f47');
INSERT INTO "MovieVehicle" ("MoviesId", "VehiclesId") VALUES ('b788c4e9-3175-4dc1-b85f-4a55dbb0f315', 'b4983076-1ea6-4ff9-b011-9be68ec959a5');

